solid sensorArm_001
facet normal 0.0 -1.0 0.0
  outer loop
    vertex 2.00000000000001 0.0 6.19481700746014
    vertex -0.105828541230242 0.0 -2.59110991546882
    vertex 2.00000000000001 0.0 -2.8683475024126
  endloop
endfacet
facet normal 0.0 -1.0 0.0
  outer loop
    vertex -0.105828541230242 0.0 -2.59110991546882
    vertex 2.00000000000001 0.0 6.19481700746014
    vertex -2.99999999999999 0.0 -1.39230484541326
  endloop
endfacet
facet normal 0.0 -1.0 0.0
  outer loop
    vertex -2.99999999999999 0.0 -1.39230484541326
    vertex 2.00000000000001 0.0 6.19481700746014
    vertex -5.48528137423856 0.0 0.514718625761429
  endloop
endfacet
facet normal 0.0 -1.0 0.0
  outer loop
    vertex -5.48528137423856 0.0 0.514718625761429
    vertex 2.00000000000001 0.0 6.19481700746014
    vertex -7.39230484541326 0.0 3.0
  endloop
endfacet
facet normal 0.0 -1.0 0.0
  outer loop
    vertex -7.39230484541326 0.0 3.0
    vertex 2.00000000000001 0.0 6.19481700746014
    vertex -8.59110991546881 0.0 5.89417145876975
  endloop
endfacet
facet normal 0.0 -1.0 0.0
  outer loop
    vertex -8.59110991546881 0.0 5.89417145876975
    vertex 2.00000000000001 0.0 6.19481700746014
    vertex -8.99999999999999 0.0 9.0
  endloop
endfacet
facet normal 0.0 -1.0 0.0
  outer loop
    vertex -8.99999999999999 0.0 9.0
    vertex 2.00000000000001 0.0 6.19481700746014
    vertex 1.50000000000001 0.0 6.40192378864668
  endloop
endfacet
facet normal 0.0 -1.0 0.0
  outer loop
    vertex -8.99999999999999 0.0 9.0
    vertex 1.50000000000001 0.0 6.40192378864668
    vertex 0.878679656440363 0.0 6.87867965644036
  endloop
endfacet
facet normal 0.0 -1.0 0.0
  outer loop
    vertex -8.99999999999999 0.0 9.0
    vertex 0.878679656440363 0.0 6.87867965644036
    vertex 0.40192378864669 0.0 7.5
  endloop
endfacet
facet normal 0.0 -1.0 0.0
  outer loop
    vertex -8.99999999999999 0.0 9.0
    vertex 0.40192378864669 0.0 7.5
    vertex 0.102222521132801 0.0 8.22354286469244
  endloop
endfacet
facet normal 0.0 -1.0 0.0
  outer loop
    vertex -8.99999999999999 0.0 9.0
    vertex 0.102222521132801 0.0 8.22354286469244
    vertex 5.63993296509579e-015 0.0 9.0
  endloop
endfacet
facet normal 0.0 -1.0 0.0
  outer loop
    vertex -8.99999999999999 0.0 9.0
    vertex 5.63993296509579e-015 0.0 9.0
    vertex -8.59110991546881 0.0 12.1058285412302
  endloop
endfacet
facet normal 0.0 -1.0 0.0
  outer loop
    vertex -8.59110991546881 0.0 12.1058285412302
    vertex 5.63993296509579e-015 0.0 9.0
    vertex 0.102222521132801 0.0 9.77645713530756
  endloop
endfacet
facet normal 0.0 -1.0 0.0
  outer loop
    vertex -8.59110991546881 0.0 12.1058285412302
    vertex 0.102222521132801 0.0 9.77645713530756
    vertex 0.401923788646689 0.0 10.5
  endloop
endfacet
facet normal 0.0 -1.0 0.0
  outer loop
    vertex -8.59110991546881 0.0 12.1058285412302
    vertex 0.401923788646689 0.0 10.5
    vertex 0.878679656440362 0.0 11.1213203435596
  endloop
endfacet
facet normal 0.0 -1.0 0.0
  outer loop
    vertex -8.59110991546881 0.0 12.1058285412302
    vertex 0.878679656440362 0.0 11.1213203435596
    vertex 1.5 0.0 11.5980762113533
  endloop
endfacet
facet normal 0.0 -1.0 0.0
  outer loop
    vertex -8.59110991546881 0.0 12.1058285412302
    vertex 1.5 0.0 11.5980762113533
    vertex 2.00000000000001 0.0 11.8051829925399
  endloop
endfacet
facet normal 0.0 -1.0 0.0
  outer loop
    vertex -8.59110991546881 0.0 12.1058285412302
    vertex 2.00000000000001 0.0 11.8051829925399
    vertex 2.00000000000001 0.0 20.8683475024126
  endloop
endfacet
facet normal 0.0 -1.0 0.0
  outer loop
    vertex -8.59110991546881 0.0 12.1058285412302
    vertex 2.00000000000001 0.0 20.8683475024126
    vertex -7.39230484541326 0.0 15.0
  endloop
endfacet
facet normal 0.0 -1.0 0.0
  outer loop
    vertex -7.39230484541326 0.0 15.0
    vertex 2.00000000000001 0.0 20.8683475024126
    vertex -5.48528137423857 0.0 17.4852813742386
  endloop
endfacet
facet normal 0.0 -1.0 0.0
  outer loop
    vertex -5.48528137423857 0.0 17.4852813742386
    vertex 2.00000000000001 0.0 20.8683475024126
    vertex -3.0 0.0 19.3923048454133
  endloop
endfacet
facet normal 0.0 -1.0 0.0
  outer loop
    vertex -3.0 0.0 19.3923048454133
    vertex 2.00000000000001 0.0 20.8683475024126
    vertex -0.105828541230253 0.0 20.5911099154688
  endloop
endfacet
facet normal 9.5033893311961e-016 1.0 5.5814025801803e-016
  outer loop
    vertex -2.99999999999999 3.0 -1.39230484541326
    vertex -0.999999999999994 2.99999999999999 7.5211055547043
    vertex -0.999999999999994 3.0 -2.22073197015945
  endloop
endfacet
facet normal 9.5033893311961e-016 1.0 5.5814025801803e-016
  outer loop
    vertex -0.999999999999994 2.99999999999999 7.5211055547043
    vertex -2.99999999999999 3.0 -1.39230484541326
    vertex -5.48528137423856 3.0 0.514718625761429
  endloop
endfacet
facet normal 9.5033893311961e-016 1.0 5.5814025801803e-016
  outer loop
    vertex -0.999999999999994 2.99999999999999 7.5211055547043
    vertex -5.48528137423856 3.0 0.514718625761429
    vertex -7.39230484541326 3.0 3.0
  endloop
endfacet
facet normal 9.5033893311961e-016 1.0 5.5814025801803e-016
  outer loop
    vertex -0.999999999999994 2.99999999999999 7.5211055547043
    vertex -7.39230484541326 3.0 3.0
    vertex -8.59110991546881 3.0 5.89417145876975
  endloop
endfacet
facet normal 9.5033893311961e-016 1.0 5.5814025801803e-016
  outer loop
    vertex -0.999999999999994 2.99999999999999 7.5211055547043
    vertex -8.59110991546881 3.0 5.89417145876975
    vertex -8.8025212536189 3.0 7.5
  endloop
endfacet
facet normal -1.0 -7.04991620636974e-016 3.62622703105666e-017
  outer loop
    vertex -0.999999999999994 3.0 20.2207319701595
    vertex -0.999999999999996 5.47885935819916 16.5012990554341
    vertex -0.999999999999996 5.40228668300832 16.0906941421488
  endloop
endfacet
facet normal -1.0 -7.04991620636974e-016 3.62622703105666e-017
  outer loop
    vertex -0.999999999999996 5.47885935819916 16.5012990554341
    vertex -0.999999999999994 3.0 20.2207319701595
    vertex -0.999999999999996 5.65909525432496 16.8780944789038
  endloop
endfacet
facet normal -1.0 -7.04991620636974e-016 3.62622703105666e-017
  outer loop
    vertex -0.999999999999996 5.65909525432496 16.8780944789038
    vertex -0.999999999999994 3.0 20.2207319701595
    vertex -0.999999999999996 5.93071159291864 17.1954024271322
  endloop
endfacet
facet normal -1.0 -7.04991620636974e-016 3.62622703105666e-017
  outer loop
    vertex -0.999999999999996 5.93071159291864 17.1954024271322
    vertex -0.999999999999994 3.0 20.2207319701595
    vertex -0.999999999999996 6.27519816937228 17.4315988878238
  endloop
endfacet
facet normal -1.0 -7.04991620636974e-016 3.62622703105666e-017
  outer loop
    vertex -0.999999999999996 6.27519816937228 17.4315988878238
    vertex -0.999999999999994 3.0 20.2207319701595
    vertex -1.0 11.0 20.2207319701595
  endloop
endfacet
facet normal -1.0 -7.04991620636974e-016 3.62622703105666e-017
  outer loop
    vertex -0.999999999999996 6.27519816937228 17.4315988878238
    vertex -1.0 11.0 20.2207319701595
    vertex -0.999999999999997 6.66907879279154 17.5705874625155
  endloop
endfacet
facet normal -1.0 -7.04991620636974e-016 3.62622703105666e-017
  outer loop
    vertex -0.999999999999997 6.66907879279154 17.5705874625155
    vertex -1.0 11.0 20.2207319701595
    vertex -0.999999999999997 7.0855111496089 17.6028963095315
  endloop
endfacet
facet normal -1.0 -7.04991620636974e-016 3.62622703105666e-017
  outer loop
    vertex -0.999999999999997 7.0855111496089 17.6028963095315
    vertex -1.0 11.0 20.2207319701595
    vertex -0.999999999999997 7.49611606289428 17.5263236343407
  endloop
endfacet
facet normal -1.0 -7.04991620636974e-016 3.62622703105666e-017
  outer loop
    vertex -0.999999999999997 7.49611606289428 17.5263236343407
    vertex -1.0 11.0 20.2207319701595
    vertex -0.999999999999997 7.87291148636396 17.3460877382149
  endloop
endfacet
facet normal -1.0 -7.04991620636974e-016 3.62622703105666e-017
  outer loop
    vertex -0.999999999999997 7.87291148636396 17.3460877382149
    vertex -1.0 11.0 20.2207319701595
    vertex -0.999999999999998 8.19021943459238 17.0744713996212
  endloop
endfacet
facet normal -1.0 -7.04991620636974e-016 3.62622703105666e-017
  outer loop
    vertex -0.999999999999998 8.19021943459238 17.0744713996212
    vertex -1.0 11.0 20.2207319701595
    vertex -0.999999999999998 8.42641589528395 16.7299848231676
  endloop
endfacet
facet normal -1.0 -7.04991620636974e-016 3.62622703105666e-017
  outer loop
    vertex -0.999999999999998 8.42641589528395 16.7299848231676
    vertex -1.0 11.0 20.2207319701595
    vertex -0.999999999999998 8.56540446997563 16.3361041997483
  endloop
endfacet
facet normal -1.0 -7.04991620636974e-016 3.62622703105666e-017
  outer loop
    vertex -0.999999999999998 8.56540446997563 16.3361041997483
    vertex -1.0 11.0 20.2207319701595
    vertex -0.999999999999998 8.59771331699168 15.919671842931
  endloop
endfacet
facet normal -1.0 -7.04991620636974e-016 3.62622703105666e-017
  outer loop
    vertex -0.999999999999998 8.59771331699168 15.919671842931
    vertex -1.0 11.0 20.2207319701595
    vertex -1.0 11.0 10.5
  endloop
endfacet
facet normal -1.0 -7.04991620636974e-016 3.62622703105666e-017
  outer loop
    vertex -0.999999999999995 2.99999999999999 10.5
    vertex -0.999999999999996 6.12708851363603 14.6642782468648
    vertex -1.0 11.0 10.5
  endloop
endfacet
facet normal -1.0 -7.04991620636974e-016 3.62622703105666e-017
  outer loop
    vertex -0.999999999999996 6.12708851363603 14.6642782468648
    vertex -0.999999999999995 2.99999999999999 10.5
    vertex -0.999999999999996 5.80978056540762 14.9358945854585
  endloop
endfacet
facet normal -1.0 -7.04991620636974e-016 3.62622703105666e-017
  outer loop
    vertex -0.999999999999996 5.80978056540762 14.9358945854585
    vertex -0.999999999999995 2.99999999999999 10.5
    vertex -0.999999999999996 5.57358410471605 15.2803811619121
  endloop
endfacet
facet normal -1.0 -7.04991620636974e-016 3.62622703105666e-017
  outer loop
    vertex -0.999999999999996 5.57358410471605 15.2803811619121
    vertex -0.999999999999995 2.99999999999999 10.5
    vertex -0.999999999999994 3.0 20.2207319701595
  endloop
endfacet
facet normal -1.0 -7.04991620636974e-016 3.62622703105666e-017
  outer loop
    vertex -0.999999999999996 5.57358410471605 15.2803811619121
    vertex -0.999999999999994 3.0 20.2207319701595
    vertex -0.999999999999996 5.43459553002437 15.6742617853314
  endloop
endfacet
facet normal -1.0 -7.04991620636974e-016 3.62622703105666e-017
  outer loop
    vertex -0.999999999999996 5.43459553002437 15.6742617853314
    vertex -0.999999999999994 3.0 20.2207319701595
    vertex -0.999999999999996 5.40228668300832 16.0906941421488
  endloop
endfacet
facet normal -1.0 -7.04991620636974e-016 3.62622703105666e-017
  outer loop
    vertex -1.0 11.0 10.5
    vertex -0.999999999999996 6.12708851363603 14.6642782468648
    vertex -0.999999999999996 6.50388393710572 14.484042350739
  endloop
endfacet
facet normal -1.0 -7.04991620636974e-016 3.62622703105666e-017
  outer loop
    vertex -1.0 11.0 10.5
    vertex -0.999999999999996 6.50388393710572 14.484042350739
    vertex -0.999999999999997 6.9144888503911 14.4074696755482
  endloop
endfacet
facet normal -1.0 -7.04991620636974e-016 3.62622703105666e-017
  outer loop
    vertex -1.0 11.0 10.5
    vertex -0.999999999999997 6.9144888503911 14.4074696755482
    vertex -0.999999999999997 7.33092120720846 14.4397785225642
  endloop
endfacet
facet normal -1.0 -7.04991620636974e-016 3.62622703105666e-017
  outer loop
    vertex -1.0 11.0 10.5
    vertex -0.999999999999997 7.33092120720846 14.4397785225642
    vertex -0.999999999999997 7.72480183062772 14.5787670972559
  endloop
endfacet
facet normal -1.0 -7.04991620636974e-016 3.62622703105666e-017
  outer loop
    vertex -1.0 11.0 10.5
    vertex -0.999999999999997 7.72480183062772 14.5787670972559
    vertex -0.999999999999997 8.06928840708136 14.8149635579475
  endloop
endfacet
facet normal -1.0 -7.04991620636974e-016 3.62622703105666e-017
  outer loop
    vertex -1.0 11.0 10.5
    vertex -0.999999999999997 8.06928840708136 14.8149635579475
    vertex -0.999999999999998 8.34090474567505 15.1322715061759
  endloop
endfacet
facet normal -1.0 -7.04991620636974e-016 3.62622703105666e-017
  outer loop
    vertex -1.0 11.0 10.5
    vertex -0.999999999999998 8.34090474567505 15.1322715061759
    vertex -0.999999999999998 8.52114064180084 15.5090669296456
  endloop
endfacet
facet normal -1.0 -7.04991620636974e-016 3.62622703105666e-017
  outer loop
    vertex -1.0 11.0 10.5
    vertex -0.999999999999998 8.52114064180084 15.5090669296456
    vertex -0.999999999999998 8.59771331699168 15.919671842931
  endloop
endfacet
facet normal -5.67547843430831e-017 0.0773524035351788 -0.997003814269199
  outer loop
    vertex 2.0 7.0855111496089 17.6028963095315
    vertex -0.999999999999997 6.66907879279154 17.5705874625155
    vertex -0.999999999999997 7.0855111496089 17.6028963095315
  endloop
endfacet
facet normal -5.67547843430831e-017 0.0773524035351788 -0.997003814269199
  outer loop
    vertex -0.999999999999997 6.66907879279154 17.5705874625155
    vertex 2.0 7.0855111496089 17.6028963095315
    vertex 2.0 6.66907879279154 17.5705874625155
  endloop
endfacet
facet normal 4.31095386590772e-016 -0.650291748857802 -0.759684567019405
  outer loop
    vertex 2.0 8.19021943459238 17.0744713996212
    vertex -0.999999999999997 7.87291148636396 17.3460877382149
    vertex -0.999999999999998 8.19021943459238 17.0744713996212
  endloop
endfacet
facet normal 4.31095386590772e-016 -0.650291748857802 -0.759684567019405
  outer loop
    vertex -0.999999999999997 7.87291148636396 17.3460877382149
    vertex 2.0 8.19021943459238 17.0744713996212
    vertex 2.0 7.87291148636396 17.3460877382149
  endloop
endfacet
facet normal -2.27301993997616e-016 0.332760259472879 -0.943011457891972
  outer loop
    vertex 2.0 6.66907879279154 17.5705874625155
    vertex -0.999999999999996 6.27519816937228 17.4315988878238
    vertex -0.999999999999997 6.66907879279154 17.5705874625155
  endloop
endfacet
facet normal -2.27301993997616e-016 0.332760259472879 -0.943011457891972
  outer loop
    vertex -0.999999999999996 6.27519816937228 17.4315988878238
    vertex 2.0 6.66907879279154 17.5705874625155
    vertex 2.0 6.27519816937228 17.4315988878238
  endloop
endfacet
facet normal 5.487555566635e-016 -0.824754429059524 -0.565491053639842
  outer loop
    vertex 2.0 8.19021943459238 17.0744713996212
    vertex -0.999999999999998 8.42641589528395 16.7299848231676
    vertex 2.0 8.42641589528395 16.7299848231676
  endloop
endfacet
facet normal 5.487555566635e-016 -0.824754429059524 -0.565491053639842
  outer loop
    vertex -0.999999999999998 8.42641589528395 16.7299848231676
    vertex 2.0 8.19021943459238 17.0744713996212
    vertex -0.999999999999998 8.19021943459238 17.0744713996212
  endloop
endfacet
facet normal 6.05510341006578e-016 -0.902106832594696 0.431512760629354
  outer loop
    vertex 2.0 8.52114064180084 15.5090669296456
    vertex -0.999999999999998 8.34090474567505 15.1322715061759
    vertex 2.0 8.34090474567504 15.1322715061759
  endloop
endfacet
facet normal 6.05510341006578e-016 -0.902106832594696 0.431512760629354
  outer loop
    vertex -0.999999999999998 8.34090474567505 15.1322715061759
    vertex 2.0 8.52114064180084 15.5090669296456
    vertex -0.999999999999998 8.52114064180084 15.5090669296456
  endloop
endfacet
facet normal -5.11358772338315e-016 0.759684567019401 -0.650291748857807
  outer loop
    vertex -0.999999999999996 5.93071159291864 17.1954024271322
    vertex 2.0 5.65909525432495 16.8780944789038
    vertex -0.999999999999996 5.65909525432496 16.8780944789038
  endloop
endfacet
facet normal -5.11358772338315e-016 0.759684567019401 -0.650291748857807
  outer loop
    vertex 2.0 5.65909525432495 16.8780944789038
    vertex -0.999999999999996 5.93071159291864 17.1954024271322
    vertex 2.0 5.93071159291864 17.1954024271322
  endloop
endfacet
facet normal 5.67547843430831e-017 -0.0773524035351788 0.997003814269199
  outer loop
    vertex -0.999999999999997 6.9144888503911 14.4074696755482
    vertex 2.0 7.33092120720846 14.4397785225642
    vertex -0.999999999999997 7.33092120720846 14.4397785225642
  endloop
endfacet
facet normal 5.67547843430831e-017 -0.0773524035351788 0.997003814269199
  outer loop
    vertex 2.0 7.33092120720846 14.4397785225642
    vertex -0.999999999999997 6.9144888503911 14.4074696755482
    vertex 2.0 6.91448885039109 14.4074696755482
  endloop
endfacet
facet normal -6.05510341006579e-016 0.902106832594696 -0.431512760629352
  outer loop
    vertex -0.999999999999996 5.65909525432496 16.8780944789038
    vertex 2.0 5.47885935819916 16.5012990554341
    vertex -0.999999999999996 5.47885935819916 16.5012990554341
  endloop
endfacet
facet normal -6.05510341006579e-016 0.902106832594696 -0.431512760629352
  outer loop
    vertex 2.0 5.47885935819916 16.5012990554341
    vertex -0.999999999999996 5.65909525432496 16.8780944789038
    vertex 2.0 5.65909525432495 16.8780944789038
  endloop
endfacet
facet normal -2.84056778340698e-016 0.431512760629355 0.902106832594695
  outer loop
    vertex -0.999999999999996 6.12708851363603 14.6642782468648
    vertex 2.0 6.50388393710572 14.484042350739
    vertex -0.999999999999996 6.50388393710572 14.484042350739
  endloop
endfacet
facet normal -2.84056778340698e-016 0.431512760629355 0.902106832594695
  outer loop
    vertex 2.0 6.50388393710572 14.484042350739
    vertex -0.999999999999996 6.12708851363603 14.6642782468648
    vertex 2.0 6.12708851363603 14.6642782468648
  endloop
endfacet
facet normal -4.31095386590772e-016 0.650291748857803 0.759684567019405
  outer loop
    vertex -0.999999999999996 5.80978056540762 14.9358945854585
    vertex 2.0 6.12708851363603 14.6642782468648
    vertex -0.999999999999996 6.12708851363603 14.6642782468648
  endloop
endfacet
facet normal -4.31095386590772e-016 0.650291748857803 0.759684567019405
  outer loop
    vertex 2.0 6.12708851363603 14.6642782468648
    vertex -0.999999999999996 5.80978056540762 14.9358945854585
    vertex 2.0 5.80978056540761 14.9358945854585
  endloop
endfacet
facet normal -3.82358948395527e-016 0.565491053639846 -0.824754429059521
  outer loop
    vertex 2.0 6.27519816937228 17.4315988878238
    vertex -0.999999999999996 5.93071159291864 17.1954024271322
    vertex -0.999999999999996 6.27519816937228 17.4315988878238
  endloop
endfacet
facet normal -3.82358948395527e-016 0.565491053639846 -0.824754429059521
  outer loop
    vertex -0.999999999999996 5.93071159291864 17.1954024271322
    vertex 2.0 6.27519816937228 17.4315988878238
    vertex 2.0 5.93071159291864 17.1954024271322
  endloop
endfacet
facet normal 1.17660170072727e-016 -0.183326890872571 -0.983052008330687
  outer loop
    vertex 2.0 7.49611606289427 17.5263236343407
    vertex -0.999999999999997 7.0855111496089 17.6028963095315
    vertex -0.999999999999997 7.49611606289428 17.5263236343407
  endloop
endfacet
facet normal 1.17660170072727e-016 -0.183326890872571 -0.983052008330687
  outer loop
    vertex -0.999999999999997 7.0855111496089 17.6028963095315
    vertex 2.0 7.49611606289427 17.5263236343407
    vertex 2.0 7.0855111496089 17.6028963095315
  endloop
endfacet
facet normal 6.29018942411041e-016 -0.94301145789197 -0.332760259472885
  outer loop
    vertex 2.0 8.42641589528395 16.7299848231676
    vertex -0.999999999999998 8.56540446997563 16.3361041997483
    vertex 2.0 8.56540446997563 16.3361041997483
  endloop
endfacet
facet normal 6.29018942411041e-016 -0.94301145789197 -0.332760259472885
  outer loop
    vertex -0.999999999999998 8.56540446997563 16.3361041997483
    vertex 2.0 8.42641589528395 16.7299848231676
    vertex -0.999999999999998 8.42641589528395 16.7299848231676
  endloop
endfacet
facet normal -1.17660170072727e-016 0.183326890872571 0.983052008330687
  outer loop
    vertex -0.999999999999996 6.50388393710572 14.484042350739
    vertex 2.0 6.91448885039109 14.4074696755482
    vertex -0.999999999999997 6.9144888503911 14.4074696755482
  endloop
endfacet
facet normal -1.17660170072727e-016 0.183326890872571 0.983052008330687
  outer loop
    vertex 2.0 6.91448885039109 14.4074696755482
    vertex -0.999999999999996 6.50388393710572 14.484042350739
    vertex 2.0 6.50388393710572 14.484042350739
  endloop
endfacet
facet normal -5.48755556663498e-016 0.824754429059522 0.565491053639845
  outer loop
    vertex -0.999999999999996 5.57358410471605 15.2803811619121
    vertex 2.0 5.80978056540761 14.9358945854585
    vertex -0.999999999999996 5.80978056540762 14.9358945854585
  endloop
endfacet
facet normal -5.48755556663498e-016 0.824754429059522 0.565491053639845
  outer loop
    vertex 2.0 5.80978056540761 14.9358945854585
    vertex -0.999999999999996 5.57358410471605 15.2803811619121
    vertex 2.0 5.57358410471605 15.2803811619121
  endloop
endfacet
facet normal 2.84056778340698e-016 -0.431512760629355 -0.902106832594695
  outer loop
    vertex 2.0 7.87291148636396 17.3460877382149
    vertex -0.999999999999997 7.49611606289428 17.5263236343407
    vertex -0.999999999999997 7.87291148636396 17.3460877382149
  endloop
endfacet
facet normal 2.84056778340698e-016 -0.431512760629355 -0.902106832594695
  outer loop
    vertex -0.999999999999997 7.49611606289428 17.5263236343407
    vertex 2.0 7.87291148636396 17.3460877382149
    vertex 2.0 7.49611606289427 17.5263236343407
  endloop
endfacet
facet normal 2.27301993997616e-016 -0.332760259472879 0.943011457891972
  outer loop
    vertex -0.999999999999997 7.33092120720846 14.4397785225642
    vertex 2.0 7.72480183062772 14.5787670972559
    vertex -0.999999999999997 7.72480183062772 14.5787670972559
  endloop
endfacet
facet normal 2.27301993997616e-016 -0.332760259472879 0.943011457891972
  outer loop
    vertex 2.0 7.72480183062772 14.5787670972559
    vertex -0.999999999999997 7.33092120720846 14.4397785225642
    vertex 2.0 7.33092120720846 14.4397785225642
  endloop
endfacet
facet normal -6.29018942411042e-016 0.943011457891971 0.332760259472882
  outer loop
    vertex -0.999999999999996 5.43459553002437 15.6742617853314
    vertex 2.0 5.57358410471605 15.2803811619121
    vertex -0.999999999999996 5.57358410471605 15.2803811619121
  endloop
endfacet
facet normal -6.29018942411042e-016 0.943011457891971 0.332760259472882
  outer loop
    vertex 2.0 5.57358410471605 15.2803811619121
    vertex -0.999999999999996 5.43459553002437 15.6742617853314
    vertex 2.0 5.43459553002436 15.6742617853314
  endloop
endfacet
facet normal 6.66415726736224e-016 -0.997003814269199 -0.0773524035351724
  outer loop
    vertex 2.0 8.56540446997563 16.3361041997483
    vertex -0.999999999999998 8.59771331699168 15.919671842931
    vertex 2.0 8.59771331699168 15.919671842931
  endloop
endfacet
facet normal 6.66415726736224e-016 -0.997003814269199 -0.0773524035351724
  outer loop
    vertex -0.999999999999998 8.59771331699168 15.919671842931
    vertex 2.0 8.56540446997563 16.3361041997483
    vertex -0.999999999999998 8.56540446997563 16.3361041997483
  endloop
endfacet
facet normal 6.58397380588392e-016 -0.983052008330687 0.183326890872567
  outer loop
    vertex 2.0 8.59771331699168 15.919671842931
    vertex -0.999999999999998 8.52114064180084 15.5090669296456
    vertex 2.0 8.52114064180084 15.5090669296456
  endloop
endfacet
facet normal 6.58397380588392e-016 -0.983052008330687 0.183326890872567
  outer loop
    vertex -0.999999999999998 8.52114064180084 15.5090669296456
    vertex 2.0 8.59771331699168 15.919671842931
    vertex -0.999999999999998 8.59771331699168 15.919671842931
  endloop
endfacet
facet normal 3.82358948395527e-016 -0.565491053639846 0.824754429059521
  outer loop
    vertex -0.999999999999997 7.72480183062772 14.5787670972559
    vertex 2.0 8.06928840708135 14.8149635579475
    vertex -0.999999999999997 8.06928840708136 14.8149635579475
  endloop
endfacet
facet normal 3.82358948395527e-016 -0.565491053639846 0.824754429059521
  outer loop
    vertex 2.0 8.06928840708135 14.8149635579475
    vertex -0.999999999999997 7.72480183062772 14.5787670972559
    vertex 2.0 7.72480183062772 14.5787670972559
  endloop
endfacet
facet normal 5.11358772338316e-016 -0.759684567019403 0.650291748857804
  outer loop
    vertex 2.0 8.34090474567504 15.1322715061759
    vertex -0.999999999999997 8.06928840708136 14.8149635579475
    vertex 2.0 8.06928840708135 14.8149635579475
  endloop
endfacet
facet normal 5.11358772338316e-016 -0.759684567019403 0.650291748857804
  outer loop
    vertex -0.999999999999997 8.06928840708136 14.8149635579475
    vertex 2.0 8.34090474567504 15.1322715061759
    vertex -0.999999999999998 8.34090474567505 15.1322715061759
  endloop
endfacet
facet normal -6.66415726736224e-016 0.997003814269199 0.0773524035351718
  outer loop
    vertex -0.999999999999996 5.40228668300832 16.0906941421488
    vertex 2.0 5.43459553002436 15.6742617853314
    vertex -0.999999999999996 5.43459553002437 15.6742617853314
  endloop
endfacet
facet normal -6.66415726736224e-016 0.997003814269199 0.0773524035351718
  outer loop
    vertex 2.0 5.43459553002436 15.6742617853314
    vertex -0.999999999999996 5.40228668300832 16.0906941421488
    vertex 2.0 5.40228668300832 16.0906941421488
  endloop
endfacet
facet normal -6.58397380588392e-016 0.983052008330687 -0.183326890872568
  outer loop
    vertex -0.999999999999996 5.47885935819916 16.5012990554341
    vertex 2.0 5.40228668300832 16.0906941421488
    vertex -0.999999999999996 5.40228668300832 16.0906941421488
  endloop
endfacet
facet normal -6.58397380588392e-016 0.983052008330687 -0.183326890872568
  outer loop
    vertex 2.0 5.40228668300832 16.0906941421488
    vertex -0.999999999999996 5.47885935819916 16.5012990554341
    vertex 2.0 5.47885935819916 16.5012990554341
  endloop
endfacet
facet normal -1.0 -7.71036777633651e-016 3.62425446454499e-017
  outer loop
    vertex -0.999999999999994 2.99999999999999 7.5211055547043
    vertex -0.999999999999996 5.61541484943189 2.78109342281977
    vertex -0.999999999999994 3.0 -2.22073197015945
  endloop
endfacet
facet normal -1.0 -7.71036777633651e-016 3.62425446454499e-017
  outer loop
    vertex -0.999999999999996 5.61541484943189 2.78109342281977
    vertex -0.999999999999994 2.99999999999999 7.5211055547043
    vertex -0.999999999999996 5.87012112691976 3.11212889162673
  endloop
endfacet
facet normal -1.0 -7.71036777633651e-016 3.62425446454499e-017
  outer loop
    vertex -0.999999999999996 5.87012112691976 3.11212889162673
    vertex -0.999999999999994 2.99999999999999 7.5211055547043
    vertex -1.0 11.0 7.5
  endloop
endfacet
facet normal -1.0 -7.71036777633651e-016 3.62425446454499e-017
  outer loop
    vertex -0.999999999999994 3.0 -2.22073197015945
    vertex -0.999999999999996 5.61541484943189 2.78109342281977
    vertex -0.999999999999996 5.45506576182009 2.3954148785604
  endloop
endfacet
facet normal -1.0 -7.71036777633651e-016 3.62425446454499e-017
  outer loop
    vertex -0.999999999999994 3.0 -2.22073197015945
    vertex -0.999999999999996 5.45506576182009 2.3954148785604
    vertex -0.999999999999996 5.4000013894157 1.98137661427595
  endloop
endfacet
facet normal -1.0 -7.71036777633651e-016 3.62425446454499e-017
  outer loop
    vertex -0.999999999999996 5.87012112691976 3.11212889162673
    vertex -1.0 11.0 7.5
    vertex -0.999999999999996 6.20182678239493 3.36596176484405
  endloop
endfacet
facet normal -1.0 -7.71036777633651e-016 3.62425446454499e-017
  outer loop
    vertex -0.999999999999996 6.20182678239493 3.36596176484405
    vertex -1.0 11.0 7.5
    vertex -0.999999999999996 6.58792662360627 3.52529375164063
  endloop
endfacet
facet normal -1.0 -7.71036777633651e-016 3.62425446454499e-017
  outer loop
    vertex -0.999999999999996 6.58792662360627 3.52529375164063
    vertex -1.0 11.0 7.5
    vertex -0.999999999999996 7.0021085844354 3.57926664042484
  endloop
endfacet
facet normal -1.0 -7.71036777633651e-016 3.62425446454499e-017
  outer loop
    vertex -0.999999999999996 7.0021085844354 3.57926664042484
    vertex -1.0 11.0 7.5
    vertex -0.999999999999997 7.41614684871985 3.52420226802046
  endloop
endfacet
facet normal -1.0 -7.71036777633651e-016 3.62425446454499e-017
  outer loop
    vertex -0.999999999999997 7.41614684871985 3.52420226802046
    vertex -1.0 11.0 7.5
    vertex -0.999999999999997 7.80182539297923 3.36385318040865
  endloop
endfacet
facet normal -1.0 -7.71036777633651e-016 3.62425446454499e-017
  outer loop
    vertex -0.999999999999997 7.80182539297923 3.36385318040865
    vertex -1.0 11.0 7.5
    vertex -0.999999999999997 8.13286086178618 3.10914690292078
  endloop
endfacet
facet normal -1.0 -7.71036777633651e-016 3.62425446454499e-017
  outer loop
    vertex -0.999999999999997 8.13286086178618 3.10914690292078
    vertex -1.0 11.0 7.5
    vertex -0.999999999999998 8.3866937350035 2.77744124744561
  endloop
endfacet
facet normal -1.0 -7.71036777633651e-016 3.62425446454499e-017
  outer loop
    vertex -0.999999999999998 8.3866937350035 2.77744124744561
    vertex -1.0 11.0 7.5
    vertex -0.999999999999998 8.54602572180008 2.39134140623427
  endloop
endfacet
facet normal -1.0 -7.71036777633651e-016 3.62425446454499e-017
  outer loop
    vertex -0.999999999999998 8.54602572180008 2.39134140623427
    vertex -1.0 11.0 7.5
    vertex -0.999999999999998 8.59999861058429 1.97715944540515
  endloop
endfacet
facet normal -1.0 -7.71036777633651e-016 3.62425446454499e-017
  outer loop
    vertex -0.999999999999998 8.59999861058429 1.97715944540515
    vertex -1.0 11.0 7.5
    vertex -1.0 11.0 -2.22073197015945
  endloop
endfacet
facet normal -1.0 -7.71036777633651e-016 3.62425446454499e-017
  outer loop
    vertex -0.999999999999994 3.0 -2.22073197015945
    vertex -0.999999999999996 6.19817460702077 0.59468287927244
    vertex -1.0 11.0 -2.22073197015945
  endloop
endfacet
facet normal -1.0 -7.71036777633651e-016 3.62425446454499e-017
  outer loop
    vertex -0.999999999999996 6.19817460702077 0.59468287927244
    vertex -0.999999999999994 3.0 -2.22073197015945
    vertex -0.999999999999996 5.86713913821381 0.849389156760312
  endloop
endfacet
facet normal -1.0 -7.71036777633651e-016 3.62425446454499e-017
  outer loop
    vertex -0.999999999999996 5.86713913821381 0.849389156760312
    vertex -0.999999999999994 3.0 -2.22073197015945
    vertex -0.999999999999996 5.61330626499649 1.18109481223548
  endloop
endfacet
facet normal -1.0 -7.71036777633651e-016 3.62425446454499e-017
  outer loop
    vertex -0.999999999999996 5.61330626499649 1.18109481223548
    vertex -0.999999999999994 3.0 -2.22073197015945
    vertex -0.999999999999996 5.45397427819991 1.56719465344682
  endloop
endfacet
facet normal -1.0 -7.71036777633651e-016 3.62425446454499e-017
  outer loop
    vertex -0.999999999999996 5.45397427819991 1.56719465344682
    vertex -0.999999999999994 3.0 -2.22073197015945
    vertex -0.999999999999996 5.4000013894157 1.98137661427595
  endloop
endfacet
facet normal -1.0 -7.71036777633651e-016 3.62425446454499e-017
  outer loop
    vertex -1.0 11.0 -2.22073197015945
    vertex -0.999999999999996 6.19817460702077 0.59468287927244
    vertex -0.999999999999997 6.58385315128015 0.434333791660637
  endloop
endfacet
facet normal -1.0 -7.71036777633651e-016 3.62425446454499e-017
  outer loop
    vertex -1.0 11.0 -2.22073197015945
    vertex -0.999999999999997 6.58385315128015 0.434333791660637
    vertex -0.999999999999997 6.9978914155646 0.37926941925625
  endloop
endfacet
facet normal -1.0 -7.71036777633651e-016 3.62425446454499e-017
  outer loop
    vertex -1.0 11.0 -2.22073197015945
    vertex -0.999999999999997 6.9978914155646 0.37926941925625
    vertex -0.999999999999997 7.41207337639372 0.43324230804046
  endloop
endfacet
facet normal -1.0 -7.71036777633651e-016 3.62425446454499e-017
  outer loop
    vertex -1.0 11.0 -2.22073197015945
    vertex -0.999999999999997 7.41207337639372 0.43324230804046
    vertex -0.999999999999997 7.79817321760506 0.592574294837041
  endloop
endfacet
facet normal -1.0 -7.71036777633651e-016 3.62425446454499e-017
  outer loop
    vertex -1.0 11.0 -2.22073197015945
    vertex -0.999999999999997 7.79817321760506 0.592574294837041
    vertex -0.999999999999998 8.12987887308023 0.84640716805436
  endloop
endfacet
facet normal -1.0 -7.71036777633651e-016 3.62425446454499e-017
  outer loop
    vertex -1.0 11.0 -2.22073197015945
    vertex -0.999999999999998 8.12987887308023 0.84640716805436
    vertex -0.999999999999998 8.38458515056811 1.17744263686132
  endloop
endfacet
facet normal -1.0 -7.71036777633651e-016 3.62425446454499e-017
  outer loop
    vertex -1.0 11.0 -2.22073197015945
    vertex -0.999999999999998 8.38458515056811 1.17744263686132
    vertex -0.999999999999998 8.54493423817991 1.5631211811207
  endloop
endfacet
facet normal -1.0 -7.71036777633651e-016 3.62425446454499e-017
  outer loop
    vertex -1.0 11.0 -2.22073197015945
    vertex -0.999999999999998 8.54493423817991 1.5631211811207
    vertex -0.999999999999998 8.59999861058429 1.97715944540515
  endloop
endfacet
facet normal -0.712728859359556 0.695135259152562 0.0938325344373013
  outer loop
    vertex -1.0 11.0 10.5
    vertex -8.99999999999999 3.0 9.0
    vertex -8.80530084246344 3.0 10.4788869266024
  endloop
endfacet
facet normal -0.707106781186548 0.707106781186548 2.95229074839446e-031
  outer loop
    vertex -1.0 11.0 7.5
    vertex -8.99999999999999 3.0 9.0
    vertex -1.0 11.0 10.5
  endloop
endfacet
facet normal 0.00270494669079805 -0.00263817550560706 -0.999992861621223
  outer loop
    vertex -0.999999999999994 2.99999999999999 7.5211055547043
    vertex -8.8025212536189 3.0 7.5
    vertex -1.0 11.0 7.5
  endloop
endfacet
facet normal 0.60876142900872 0.0 0.793353340291235
  outer loop
    vertex 77.3639610306789 0.0 15.3639610306789
    vertex 75.5 3.0 16.7942286340599
    vertex 75.5 0.0 16.7942286340599
  endloop
endfacet
facet normal 0.60876142900872 0.0 0.793353340291235
  outer loop
    vertex 75.5 3.0 16.7942286340599
    vertex 77.3639610306789 0.0 15.3639610306789
    vertex 77.3639610306789 3.0 15.3639610306789
  endloop
endfacet
facet normal 0.99144486137381 0.0 -0.130526192220054
  outer loop
    vertex 79.6933324366016 3.0 6.67062859407732
    vertex 80.0 0.0 9.0
    vertex 79.6933324366016 0.0 6.67062859407732
  endloop
endfacet
facet normal 0.99144486137381 0.0 -0.130526192220054
  outer loop
    vertex 80.0 0.0 9.0
    vertex 79.6933324366016 3.0 6.67062859407732
    vertex 80.0 3.0 9.0
  endloop
endfacet
facet normal -0.923879532511286 -0.0 -0.382683432365091
  outer loop
    vertex 5.59807621135332 11.0 10.5
    vertex 5.89777747886721 0.0 9.77645713530757
    vertex 5.59807621135332 0.0 10.5
  endloop
endfacet
facet normal -0.923879532511286 -0.0 -0.382683432365091
  outer loop
    vertex 5.89777747886721 0.0 9.77645713530757
    vertex 5.59807621135332 11.0 10.5
    vertex 5.89777747886721 11.0 9.77645713530757
  endloop
endfacet
facet normal -0.923879532511287 0.0 0.38268343236509
  outer loop
    vertex 5.89777747886721 11.0 8.22354286469244
    vertex 5.59807621135332 0.0 7.5
    vertex 5.89777747886721 0.0 8.22354286469244
  endloop
endfacet
facet normal -0.923879532511287 0.0 0.38268343236509
  outer loop
    vertex 5.59807621135332 0.0 7.5
    vertex 5.89777747886721 11.0 8.22354286469244
    vertex 5.59807621135332 11.0 7.5
  endloop
endfacet
facet normal -0.793353340291235 0.0 0.608761429008721
  outer loop
    vertex 5.59807621135332 11.0 7.5
    vertex 5.12132034355965 0.0 6.87867965644036
    vertex 5.59807621135332 0.0 7.5
  endloop
endfacet
facet normal -0.793353340291235 0.0 0.608761429008721
  outer loop
    vertex 5.12132034355965 0.0 6.87867965644036
    vertex 5.59807621135332 11.0 7.5
    vertex 5.12132034355965 11.0 6.87867965644036
  endloop
endfacet
facet normal -0.382683432365086 0.0 0.923879532511288
  outer loop
    vertex 4.50000000000001 0.0 6.40192378864668
    vertex 4.00000000000001 11.0 6.19481700746014
    vertex 4.00000000000001 0.0 6.19481700746014
  endloop
endfacet
facet normal -0.382683432365086 0.0 0.923879532511288
  outer loop
    vertex 4.00000000000001 11.0 6.19481700746014
    vertex 4.50000000000001 0.0 6.40192378864668
    vertex 4.50000000000001 11.0 6.40192378864668
  endloop
endfacet
facet normal 0.130526192220051 0.0 -0.991444861373811
  outer loop
    vertex 73.3293714059227 3.0 0.306667563398386
    vertex 71.0 0.0 0.0
    vertex 71.0 3.0 0.0
  endloop
endfacet
facet normal 0.130526192220051 0.0 -0.991444861373811
  outer loop
    vertex 71.0 0.0 0.0
    vertex 73.3293714059227 3.0 0.306667563398386
    vertex 73.3293714059227 0.0 0.306667563398386
  endloop
endfacet
facet normal 0.923879532511287 0.0 -0.38268343236509
  outer loop
    vertex 78.7942286340599 3.0 4.5
    vertex 79.6933324366016 0.0 6.67062859407732
    vertex 78.7942286340599 0.0 4.5
  endloop
endfacet
facet normal 0.923879532511287 0.0 -0.38268343236509
  outer loop
    vertex 79.6933324366016 0.0 6.67062859407732
    vertex 78.7942286340599 3.0 4.5
    vertex 79.6933324366016 3.0 6.67062859407732
  endloop
endfacet
facet normal 0.99144486137381 0.0 0.130526192220054
  outer loop
    vertex 80.0 3.0 9.0
    vertex 79.6933324366016 0.0 11.3293714059227
    vertex 80.0 0.0 9.0
  endloop
endfacet
facet normal 0.99144486137381 0.0 0.130526192220054
  outer loop
    vertex 79.6933324366016 0.0 11.3293714059227
    vertex 80.0 3.0 9.0
    vertex 79.6933324366016 3.0 11.3293714059227
  endloop
endfacet
facet normal -0.382683432365088 -0.0 -0.923879532511288
  outer loop
    vertex 4.5 11.0 11.5980762113533
    vertex 4.00000000000001 0.0 11.8051829925399
    vertex 4.00000000000001 11.0 11.8051829925399
  endloop
endfacet
facet normal -0.382683432365088 -0.0 -0.923879532511288
  outer loop
    vertex 4.00000000000001 0.0 11.8051829925399
    vertex 4.5 11.0 11.5980762113533
    vertex 4.5 0.0 11.5980762113533
  endloop
endfacet
facet normal 0.608761429008721 0.0 0.793353340291235
  outer loop
    vertex 10.8144870012723 0.0 18.0
    vertex 9.0 3.0 19.3923048454133
    vertex 9.0 0.0 19.3923048454133
  endloop
endfacet
facet normal 0.608761429008721 0.0 0.793353340291235
  outer loop
    vertex 9.0 3.0 19.3923048454133
    vertex 10.8144870012723 0.0 18.0
    vertex 10.8144870012723 3.0 18.0
  endloop
endfacet
facet normal 0.130526192220052 0.0 -0.99144486137381
  outer loop
    vertex 6.10582854123026 11.0 -2.59110991546882
    vertex 4.00000000000001 0.0 -2.8683475024126
    vertex 4.00000000000001 11.0 -2.8683475024126
  endloop
endfacet
facet normal 0.130526192220052 0.0 -0.99144486137381
  outer loop
    vertex 4.00000000000001 0.0 -2.8683475024126
    vertex 6.10582854123026 11.0 -2.59110991546882
    vertex 6.10582854123026 0.0 -2.59110991546882
  endloop
endfacet
facet normal 0.382683432365091 0.0 -0.923879532511287
  outer loop
    vertex 75.5 3.0 1.20577136594005
    vertex 73.3293714059227 0.0 0.306667563398386
    vertex 73.3293714059227 3.0 0.306667563398386
  endloop
endfacet
facet normal 0.382683432365091 0.0 -0.923879532511287
  outer loop
    vertex 73.3293714059227 0.0 0.306667563398386
    vertex 75.5 3.0 1.20577136594005
    vertex 75.5 0.0 1.20577136594005
  endloop
endfacet
facet normal -0.60876142900872 -0.0 -0.793353340291236
  outer loop
    vertex 5.12132034355965 11.0 11.1213203435596
    vertex 4.5 0.0 11.5980762113533
    vertex 4.5 11.0 11.5980762113533
  endloop
endfacet
facet normal -0.60876142900872 -0.0 -0.793353340291236
  outer loop
    vertex 4.5 0.0 11.5980762113533
    vertex 5.12132034355965 11.0 11.1213203435596
    vertex 5.12132034355965 0.0 11.1213203435596
  endloop
endfacet
facet normal 0.793353340291237 0.0 -0.608761429008719
  outer loop
    vertex 77.3639610306789 3.0 2.63603896932107
    vertex 78.7942286340599 0.0 4.5
    vertex 77.3639610306789 0.0 2.63603896932107
  endloop
endfacet
facet normal 0.793353340291237 0.0 -0.608761429008719
  outer loop
    vertex 78.7942286340599 0.0 4.5
    vertex 77.3639610306789 3.0 2.63603896932107
    vertex 78.7942286340599 3.0 4.5
  endloop
endfacet
facet normal 0.13052619222005 0.0 0.991444861373811
  outer loop
    vertex 6.10582854123025 0.0 20.5911099154688
    vertex 4.00000000000001 11.0 20.8683475024126
    vertex 4.00000000000001 0.0 20.8683475024126
  endloop
endfacet
facet normal 0.13052619222005 0.0 0.991444861373811
  outer loop
    vertex 4.00000000000001 11.0 20.8683475024126
    vertex 6.10582854123025 0.0 20.5911099154688
    vertex 6.10582854123025 11.0 20.5911099154688
  endloop
endfacet
facet normal 0.382683432365089 0.0 0.923879532511287
  outer loop
    vertex 75.5 0.0 16.7942286340599
    vertex 73.3293714059227 3.0 17.6933324366016
    vertex 73.3293714059227 0.0 17.6933324366016
  endloop
endfacet
facet normal 0.382683432365089 0.0 0.923879532511287
  outer loop
    vertex 73.3293714059227 3.0 17.6933324366016
    vertex 75.5 0.0 16.7942286340599
    vertex 75.5 3.0 16.7942286340599
  endloop
endfacet
facet normal -0.793353340291235 -0.0 -0.608761429008721
  outer loop
    vertex 5.12132034355965 11.0 11.1213203435596
    vertex 5.59807621135332 0.0 10.5
    vertex 5.12132034355965 0.0 11.1213203435596
  endloop
endfacet
facet normal -0.793353340291235 -0.0 -0.608761429008721
  outer loop
    vertex 5.59807621135332 0.0 10.5
    vertex 5.12132034355965 11.0 11.1213203435596
    vertex 5.59807621135332 11.0 10.5
  endloop
endfacet
facet normal 0.382683432365089 0.0 0.923879532511288
  outer loop
    vertex 6.10582854123025 0.0 20.5911099154688
    vertex 7.00000000000001 3.0 20.2207319701595
    vertex 6.10582854123025 11.0 20.5911099154688
  endloop
endfacet
facet normal 0.382683432365089 0.0 0.923879532511288
  outer loop
    vertex 7.00000000000001 3.0 20.2207319701595
    vertex 6.10582854123025 0.0 20.5911099154688
    vertex 9.0 0.0 19.3923048454133
  endloop
endfacet
facet normal 0.382683432365089 0.0 0.923879532511288
  outer loop
    vertex 7.00000000000001 3.0 20.2207319701595
    vertex 9.0 0.0 19.3923048454133
    vertex 9.0 3.0 19.3923048454133
  endloop
endfacet
facet normal 0.382683432365089 0.0 0.923879532511288
  outer loop
    vertex 7.00000000000001 11.0 20.2207319701595
    vertex 6.10582854123025 11.0 20.5911099154688
    vertex 7.00000000000001 3.0 20.2207319701595
  endloop
endfacet
facet normal -1.0 -0.0 -0.0
  outer loop
    vertex 4.00000000000001 0.0 6.19481700746014
    vertex 4.00000000000001 5.86862915010152 3.11063887973902
    vertex 4.00000000000001 0.0 -2.8683475024126
  endloop
endfacet
facet normal -1.0 -0.0 -0.0
  outer loop
    vertex 4.00000000000001 5.86862915010152 3.11063887973902
    vertex 4.00000000000001 0.0 6.19481700746014
    vertex 4.00000000000001 6.2 3.36490867589565
  endloop
endfacet
facet normal -1.0 -0.0 -0.0
  outer loop
    vertex 4.00000000000001 6.2 3.36490867589565
    vertex 4.00000000000001 0.0 6.19481700746014
    vertex 4.00000000000001 11.0 6.19481700746014
  endloop
endfacet
facet normal -1.0 -0.0 -0.0
  outer loop
    vertex 4.00000000000001 0.0 -2.8683475024126
    vertex 4.00000000000001 5.86862915010152 3.11063887973902
    vertex 4.00000000000001 5.61435935394489 2.77926802984055
  endloop
endfacet
facet normal -1.0 -0.0 -0.0
  outer loop
    vertex 4.00000000000001 0.0 -2.8683475024126
    vertex 4.00000000000001 5.61435935394489 2.77926802984055
    vertex 4.00000000000001 5.45451867793749 2.39337850200458
  endloop
endfacet
facet normal -1.0 -0.0 -0.0
  outer loop
    vertex 4.00000000000001 0.0 -2.8683475024126
    vertex 4.00000000000001 5.45451867793749 2.39337850200458
    vertex 4.00000000000001 5.4 1.97926802984055
  endloop
endfacet
facet normal -1.0 -0.0 -0.0
  outer loop
    vertex 4.00000000000001 6.2 3.36490867589565
    vertex 4.00000000000001 11.0 6.19481700746014
    vertex 4.00000000000001 6.58588952783596 3.52474935190306
  endloop
endfacet
facet normal -1.0 -0.0 -0.0
  outer loop
    vertex 4.00000000000001 6.58588952783596 3.52474935190306
    vertex 4.00000000000001 11.0 6.19481700746014
    vertex 4.00000000000001 7.0 3.57926802984055
  endloop
endfacet
facet normal -1.0 -0.0 -0.0
  outer loop
    vertex 4.00000000000001 7.0 3.57926802984055
    vertex 4.00000000000001 11.0 6.19481700746014
    vertex 4.00000000000001 7.41411047216403 3.52474935190306
  endloop
endfacet
facet normal -1.0 -0.0 -0.0
  outer loop
    vertex 4.00000000000001 7.41411047216403 3.52474935190306
    vertex 4.00000000000001 11.0 6.19481700746014
    vertex 4.00000000000001 7.8 3.36490867589565
  endloop
endfacet
facet normal -1.0 -0.0 -0.0
  outer loop
    vertex 4.00000000000001 7.8 3.36490867589565
    vertex 4.00000000000001 11.0 6.19481700746014
    vertex 4.00000000000001 8.13137084989847 3.11063887973902
  endloop
endfacet
facet normal -1.0 -0.0 -0.0
  outer loop
    vertex 4.00000000000001 8.13137084989847 3.11063887973902
    vertex 4.00000000000001 11.0 6.19481700746014
    vertex 4.00000000000001 8.3856406460551 2.77926802984055
  endloop
endfacet
facet normal -1.0 -0.0 -0.0
  outer loop
    vertex 4.00000000000001 8.3856406460551 2.77926802984055
    vertex 4.00000000000001 11.0 6.19481700746014
    vertex 4.00000000000001 8.54548132206251 2.39337850200458
  endloop
endfacet
facet normal -1.0 -0.0 -0.0
  outer loop
    vertex 4.00000000000001 8.54548132206251 2.39337850200458
    vertex 4.00000000000001 11.0 6.19481700746014
    vertex 4.00000000000001 8.6 1.97926802984055
  endloop
endfacet
facet normal -1.0 -0.0 -0.0
  outer loop
    vertex 4.00000000000001 0.0 -2.8683475024126
    vertex 4.00000000000001 6.2 0.593627383785445
    vertex 4.00000000000001 11.0 -2.8683475024126
  endloop
endfacet
facet normal -1.0 -0.0 -0.0
  outer loop
    vertex 4.00000000000001 6.2 0.593627383785445
    vertex 4.00000000000001 0.0 -2.8683475024126
    vertex 4.00000000000001 5.86862915010152 0.84789717994207
  endloop
endfacet
facet normal -1.0 -0.0 -0.0
  outer loop
    vertex 4.00000000000001 5.86862915010152 0.84789717994207
    vertex 4.00000000000001 0.0 -2.8683475024126
    vertex 4.00000000000001 5.6143593539449 1.17926802984055
  endloop
endfacet
facet normal -1.0 -0.0 -0.0
  outer loop
    vertex 4.00000000000001 5.6143593539449 1.17926802984055
    vertex 4.00000000000001 0.0 -2.8683475024126
    vertex 4.00000000000001 5.45451867793749 1.56515755767651
  endloop
endfacet
facet normal -1.0 -0.0 -0.0
  outer loop
    vertex 4.00000000000001 5.45451867793749 1.56515755767651
    vertex 4.00000000000001 0.0 -2.8683475024126
    vertex 4.00000000000001 5.4 1.97926802984055
  endloop
endfacet
facet normal -1.0 -0.0 -0.0
  outer loop
    vertex 4.00000000000001 11.0 -2.8683475024126
    vertex 4.00000000000001 6.2 0.593627383785445
    vertex 4.00000000000001 6.58588952783596 0.433786707778037
  endloop
endfacet
facet normal -1.0 -0.0 -0.0
  outer loop
    vertex 4.00000000000001 11.0 -2.8683475024126
    vertex 4.00000000000001 6.58588952783596 0.433786707778037
    vertex 4.00000000000001 7.0 0.379268029840547
  endloop
endfacet
facet normal -1.0 -0.0 -0.0
  outer loop
    vertex 4.00000000000001 11.0 -2.8683475024126
    vertex 4.00000000000001 7.0 0.379268029840547
    vertex 4.00000000000001 7.41411047216403 0.433786707778038
  endloop
endfacet
facet normal -1.0 -0.0 -0.0
  outer loop
    vertex 4.00000000000001 11.0 -2.8683475024126
    vertex 4.00000000000001 7.41411047216403 0.433786707778038
    vertex 4.00000000000001 7.8 0.593627383785445
  endloop
endfacet
facet normal -1.0 -0.0 -0.0
  outer loop
    vertex 4.00000000000001 11.0 -2.8683475024126
    vertex 4.00000000000001 7.8 0.593627383785445
    vertex 4.00000000000001 8.13137084989847 0.847897179942071
  endloop
endfacet
facet normal -1.0 -0.0 -0.0
  outer loop
    vertex 4.00000000000001 11.0 -2.8683475024126
    vertex 4.00000000000001 8.13137084989847 0.847897179942071
    vertex 4.00000000000001 8.3856406460551 1.17926802984055
  endloop
endfacet
facet normal -1.0 -0.0 -0.0
  outer loop
    vertex 4.00000000000001 11.0 -2.8683475024126
    vertex 4.00000000000001 8.3856406460551 1.17926802984055
    vertex 4.00000000000001 8.54548132206251 1.56515755767651
  endloop
endfacet
facet normal -1.0 -0.0 -0.0
  outer loop
    vertex 4.00000000000001 11.0 -2.8683475024126
    vertex 4.00000000000001 8.54548132206251 1.56515755767651
    vertex 4.00000000000001 8.6 1.97926802984055
  endloop
endfacet
facet normal -1.0 -0.0 -0.0
  outer loop
    vertex 4.00000000000001 11.0 -2.8683475024126
    vertex 4.00000000000001 8.6 1.97926802984055
    vertex 4.00000000000001 11.0 6.19481700746014
  endloop
endfacet
facet normal 0.0 0.0 -1.0
  outer loop
    vertex 71.0 3.0 0.0
    vertex 10.8144870012723 0.0 0.0
    vertex 10.8144870012723 3.0 0.0
  endloop
endfacet
facet normal 0.0 0.0 -1.0
  outer loop
    vertex 10.8144870012723 0.0 0.0
    vertex 71.0 3.0 0.0
    vertex 71.0 0.0 0.0
  endloop
endfacet
facet normal 0.60876142900872 0.0 -0.793353340291236
  outer loop
    vertex 77.3639610306789 3.0 2.63603896932107
    vertex 75.5 0.0 1.20577136594005
    vertex 75.5 3.0 1.20577136594005
  endloop
endfacet
facet normal 0.60876142900872 0.0 -0.793353340291236
  outer loop
    vertex 75.5 0.0 1.20577136594005
    vertex 77.3639610306789 3.0 2.63603896932107
    vertex 77.3639610306789 0.0 2.63603896932107
  endloop
endfacet
facet normal 0.608761429008721 0.0 -0.793353340291235
  outer loop
    vertex 10.8144870012723 3.0 0.0
    vertex 9.00000000000001 0.0 -1.39230484541326
    vertex 9.00000000000001 3.0 -1.39230484541326
  endloop
endfacet
facet normal 0.608761429008721 0.0 -0.793353340291235
  outer loop
    vertex 9.00000000000001 0.0 -1.39230484541326
    vertex 10.8144870012723 3.0 0.0
    vertex 10.8144870012723 0.0 0.0
  endloop
endfacet
facet normal 0.130526192220052 0.0 0.99144486137381
  outer loop
    vertex 73.3293714059227 0.0 17.6933324366016
    vertex 71.0 3.0 18.0
    vertex 71.0 0.0 18.0
  endloop
endfacet
facet normal 0.130526192220052 0.0 0.99144486137381
  outer loop
    vertex 71.0 3.0 18.0
    vertex 73.3293714059227 0.0 17.6933324366016
    vertex 73.3293714059227 3.0 17.6933324366016
  endloop
endfacet
facet normal 0.0 0.0 1.0
  outer loop
    vertex 71.0 0.0 18.0
    vertex 10.8144870012723 3.0 18.0
    vertex 10.8144870012723 0.0 18.0
  endloop
endfacet
facet normal 0.0 0.0 1.0
  outer loop
    vertex 10.8144870012723 3.0 18.0
    vertex 71.0 0.0 18.0
    vertex 71.0 3.0 18.0
  endloop
endfacet
facet normal 0.38268343236509 0.0 -0.923879532511287
  outer loop
    vertex 7.00000000000001 11.0 -2.22073197015945
    vertex 6.10582854123026 0.0 -2.59110991546882
    vertex 6.10582854123026 11.0 -2.59110991546882
  endloop
endfacet
facet normal 0.38268343236509 0.0 -0.923879532511287
  outer loop
    vertex 6.10582854123026 0.0 -2.59110991546882
    vertex 7.00000000000001 11.0 -2.22073197015945
    vertex 7.00000000000001 3.0 -2.22073197015945
  endloop
endfacet
facet normal 0.38268343236509 0.0 -0.923879532511287
  outer loop
    vertex 6.10582854123026 0.0 -2.59110991546882
    vertex 7.00000000000001 3.0 -2.22073197015945
    vertex 9.00000000000001 0.0 -1.39230484541326
  endloop
endfacet
facet normal 0.38268343236509 0.0 -0.923879532511287
  outer loop
    vertex 9.00000000000001 0.0 -1.39230484541326
    vertex 7.00000000000001 3.0 -2.22073197015945
    vertex 9.00000000000001 3.0 -1.39230484541326
  endloop
endfacet
facet normal -1.0 -0.0 -0.0
  outer loop
    vertex 4.00000000000001 0.0 20.8683475024126
    vertex 4.00000000000001 5.86862915010152 17.1365538424383
    vertex 4.00000000000001 0.0 11.8051829925399
  endloop
endfacet
facet normal -1.0 -0.0 -0.0
  outer loop
    vertex 4.00000000000001 5.86862915010152 17.1365538424383
    vertex 4.00000000000001 0.0 20.8683475024126
    vertex 4.00000000000001 6.2 17.390823638595
  endloop
endfacet
facet normal -1.0 -0.0 -0.0
  outer loop
    vertex 4.00000000000001 6.2 17.390823638595
    vertex 4.00000000000001 0.0 20.8683475024126
    vertex 4.00000000000001 11.0 20.8683475024126
  endloop
endfacet
facet normal -1.0 -0.0 -0.0
  outer loop
    vertex 4.00000000000001 0.0 11.8051829925399
    vertex 4.00000000000001 5.86862915010152 17.1365538424383
    vertex 4.00000000000001 5.6143593539449 16.8051829925399
  endloop
endfacet
facet normal -1.0 -0.0 -0.0
  outer loop
    vertex 4.00000000000001 0.0 11.8051829925399
    vertex 4.00000000000001 5.6143593539449 16.8051829925399
    vertex 4.00000000000001 5.45451867793749 16.4192934647039
  endloop
endfacet
facet normal -1.0 -0.0 -0.0
  outer loop
    vertex 4.00000000000001 0.0 11.8051829925399
    vertex 4.00000000000001 5.45451867793749 16.4192934647039
    vertex 4.00000000000001 5.4 16.0051829925399
  endloop
endfacet
facet normal -1.0 -0.0 -0.0
  outer loop
    vertex 4.00000000000001 6.2 17.390823638595
    vertex 4.00000000000001 11.0 20.8683475024126
    vertex 4.00000000000001 6.58588952783597 17.5506643146024
  endloop
endfacet
facet normal -1.0 -0.0 -0.0
  outer loop
    vertex 4.00000000000001 6.58588952783597 17.5506643146024
    vertex 4.00000000000001 11.0 20.8683475024126
    vertex 4.00000000000001 7.0 17.6051829925399
  endloop
endfacet
facet normal -1.0 -0.0 -0.0
  outer loop
    vertex 4.00000000000001 7.0 17.6051829925399
    vertex 4.00000000000001 11.0 20.8683475024126
    vertex 4.00000000000001 7.41411047216403 17.5506643146024
  endloop
endfacet
facet normal -1.0 -0.0 -0.0
  outer loop
    vertex 4.00000000000001 7.41411047216403 17.5506643146024
    vertex 4.00000000000001 11.0 20.8683475024126
    vertex 4.00000000000001 7.8 17.390823638595
  endloop
endfacet
facet normal -1.0 -0.0 -0.0
  outer loop
    vertex 4.00000000000001 7.8 17.390823638595
    vertex 4.00000000000001 11.0 20.8683475024126
    vertex 4.00000000000001 8.13137084989848 17.1365538424383
  endloop
endfacet
facet normal -1.0 -0.0 -0.0
  outer loop
    vertex 4.00000000000001 8.13137084989848 17.1365538424383
    vertex 4.00000000000001 11.0 20.8683475024126
    vertex 4.00000000000001 8.3856406460551 16.8051829925399
  endloop
endfacet
facet normal -1.0 -0.0 -0.0
  outer loop
    vertex 4.00000000000001 8.3856406460551 16.8051829925399
    vertex 4.00000000000001 11.0 20.8683475024126
    vertex 4.00000000000001 8.54548132206251 16.4192934647039
  endloop
endfacet
facet normal -1.0 -0.0 -0.0
  outer loop
    vertex 4.00000000000001 8.54548132206251 16.4192934647039
    vertex 4.00000000000001 11.0 20.8683475024126
    vertex 4.00000000000001 8.6 16.0051829925399
  endloop
endfacet
facet normal -1.0 -0.0 -0.0
  outer loop
    vertex 4.00000000000001 0.0 11.8051829925399
    vertex 4.00000000000001 6.2 14.6195423464848
    vertex 4.00000000000001 11.0 11.8051829925399
  endloop
endfacet
facet normal -1.0 -0.0 -0.0
  outer loop
    vertex 4.00000000000001 6.2 14.6195423464848
    vertex 4.00000000000001 0.0 11.8051829925399
    vertex 4.00000000000001 5.86862915010152 14.8738121426414
  endloop
endfacet
facet normal -1.0 -0.0 -0.0
  outer loop
    vertex 4.00000000000001 5.86862915010152 14.8738121426414
    vertex 4.00000000000001 0.0 11.8051829925399
    vertex 4.00000000000001 5.6143593539449 15.2051829925399
  endloop
endfacet
facet normal -1.0 -0.0 -0.0
  outer loop
    vertex 4.00000000000001 5.6143593539449 15.2051829925399
    vertex 4.00000000000001 0.0 11.8051829925399
    vertex 4.00000000000001 5.45451867793749 15.5910725203758
  endloop
endfacet
facet normal -1.0 -0.0 -0.0
  outer loop
    vertex 4.00000000000001 5.45451867793749 15.5910725203758
    vertex 4.00000000000001 0.0 11.8051829925399
    vertex 4.00000000000001 5.4 16.0051829925399
  endloop
endfacet
facet normal -1.0 -0.0 -0.0
  outer loop
    vertex 4.00000000000001 11.0 11.8051829925399
    vertex 4.00000000000001 6.2 14.6195423464848
    vertex 4.00000000000001 6.58588952783597 14.4597016704774
  endloop
endfacet
facet normal -1.0 -0.0 -0.0
  outer loop
    vertex 4.00000000000001 11.0 11.8051829925399
    vertex 4.00000000000001 6.58588952783597 14.4597016704774
    vertex 4.00000000000001 7.0 14.4051829925399
  endloop
endfacet
facet normal -1.0 -0.0 -0.0
  outer loop
    vertex 4.00000000000001 11.0 11.8051829925399
    vertex 4.00000000000001 7.0 14.4051829925399
    vertex 4.00000000000001 7.41411047216403 14.4597016704774
  endloop
endfacet
facet normal -1.0 -0.0 -0.0
  outer loop
    vertex 4.00000000000001 11.0 11.8051829925399
    vertex 4.00000000000001 7.41411047216403 14.4597016704774
    vertex 4.00000000000001 7.8 14.6195423464848
  endloop
endfacet
facet normal -1.0 -0.0 -0.0
  outer loop
    vertex 4.00000000000001 11.0 11.8051829925399
    vertex 4.00000000000001 7.8 14.6195423464848
    vertex 4.00000000000001 8.13137084989848 14.8738121426414
  endloop
endfacet
facet normal -1.0 -0.0 -0.0
  outer loop
    vertex 4.00000000000001 11.0 11.8051829925399
    vertex 4.00000000000001 8.13137084989848 14.8738121426414
    vertex 4.00000000000001 8.3856406460551 15.2051829925399
  endloop
endfacet
facet normal -1.0 -0.0 -0.0
  outer loop
    vertex 4.00000000000001 11.0 11.8051829925399
    vertex 4.00000000000001 8.3856406460551 15.2051829925399
    vertex 4.00000000000001 8.54548132206251 15.5910725203758
  endloop
endfacet
facet normal -1.0 -0.0 -0.0
  outer loop
    vertex 4.00000000000001 11.0 11.8051829925399
    vertex 4.00000000000001 8.54548132206251 15.5910725203758
    vertex 4.00000000000001 8.6 16.0051829925399
  endloop
endfacet
facet normal -1.0 -0.0 -0.0
  outer loop
    vertex 4.00000000000001 11.0 11.8051829925399
    vertex 4.00000000000001 8.6 16.0051829925399
    vertex 4.00000000000001 11.0 20.8683475024126
  endloop
endfacet
facet normal -0.991444861373811 -0.0 -0.130526192220051
  outer loop
    vertex 5.89777747886721 11.0 9.77645713530757
    vertex 6.00000000000001 0.0 9.0
    vertex 5.89777747886721 0.0 9.77645713530757
  endloop
endfacet
facet normal -0.991444861373811 -0.0 -0.130526192220051
  outer loop
    vertex 6.00000000000001 0.0 9.0
    vertex 5.89777747886721 11.0 9.77645713530757
    vertex 6.00000000000001 11.0 9.0
  endloop
endfacet
facet normal -0.99144486137381 0.0 0.130526192220052
  outer loop
    vertex 6.00000000000001 11.0 9.0
    vertex 5.89777747886721 0.0 8.22354286469244
    vertex 6.00000000000001 0.0 9.0
  endloop
endfacet
facet normal -0.99144486137381 0.0 0.130526192220052
  outer loop
    vertex 5.89777747886721 0.0 8.22354286469244
    vertex 6.00000000000001 11.0 9.0
    vertex 5.89777747886721 11.0 8.22354286469244
  endloop
endfacet
facet normal 0.923879532511287 0.0 0.38268343236509
  outer loop
    vertex 79.6933324366016 3.0 11.3293714059227
    vertex 78.7942286340599 0.0 13.5
    vertex 79.6933324366016 0.0 11.3293714059227
  endloop
endfacet
facet normal 0.923879532511287 0.0 0.38268343236509
  outer loop
    vertex 78.7942286340599 0.0 13.5
    vertex 79.6933324366016 3.0 11.3293714059227
    vertex 78.7942286340599 3.0 13.5
  endloop
endfacet
facet normal 0.793353340291236 0.0 0.608761429008719
  outer loop
    vertex 78.7942286340599 3.0 13.5
    vertex 77.3639610306789 0.0 15.3639610306789
    vertex 78.7942286340599 0.0 13.5
  endloop
endfacet
facet normal 0.793353340291236 0.0 0.608761429008719
  outer loop
    vertex 77.3639610306789 0.0 15.3639610306789
    vertex 78.7942286340599 3.0 13.5
    vertex 77.3639610306789 3.0 15.3639610306789
  endloop
endfacet
facet normal 4.69994413757983e-017 0.0 -1.0
  outer loop
    vertex 37.0 3.0 7.5
    vertex 7.0 3.0 7.5
    vertex 7.00000000000001 11.0 7.5
  endloop
endfacet
facet normal 8.64108565581452e-016 1.0 -5.26395660199853e-016
  outer loop
    vertex -8.59110991546881 3.0 12.1058285412302
    vertex -0.999999999999995 2.99999999999999 10.5
    vertex -8.80530084246344 3.0 10.4788869266024
  endloop
endfacet
facet normal 8.64108565581452e-016 1.0 -5.26395660199853e-016
  outer loop
    vertex -0.999999999999995 2.99999999999999 10.5
    vertex -8.59110991546881 3.0 12.1058285412302
    vertex -0.999999999999994 3.0 20.2207319701595
  endloop
endfacet
facet normal 8.64108565581452e-016 1.0 -5.26395660199853e-016
  outer loop
    vertex -0.999999999999994 3.0 20.2207319701595
    vertex -8.59110991546881 3.0 12.1058285412302
    vertex -7.39230484541326 3.0 15.0
  endloop
endfacet
facet normal 8.64108565581452e-016 1.0 -5.26395660199853e-016
  outer loop
    vertex -0.999999999999994 3.0 20.2207319701595
    vertex -7.39230484541326 3.0 15.0
    vertex -5.48528137423857 3.0 17.4852813742386
  endloop
endfacet
facet normal 8.64108565581452e-016 1.0 -5.26395660199853e-016
  outer loop
    vertex -0.999999999999994 3.0 20.2207319701595
    vertex -5.48528137423857 3.0 17.4852813742386
    vertex -3.0 3.0 19.3923048454133
  endloop
endfacet
facet normal 0.0 1.0 0.0
  outer loop
    vertex 4.00000000000001 11.0 6.19481700746014
    vertex 6.10582854123026 11.0 -2.59110991546882
    vertex 4.00000000000001 11.0 -2.8683475024126
  endloop
endfacet
facet normal 0.0 1.0 0.0
  outer loop
    vertex 6.10582854123026 11.0 -2.59110991546882
    vertex 4.00000000000001 11.0 6.19481700746014
    vertex 7.00000000000001 11.0 -2.22073197015945
  endloop
endfacet
facet normal 0.0 1.0 0.0
  outer loop
    vertex 7.00000000000001 11.0 -2.22073197015945
    vertex 4.00000000000001 11.0 6.19481700746014
    vertex 4.50000000000001 11.0 6.40192378864668
  endloop
endfacet
facet normal 0.0 1.0 0.0
  outer loop
    vertex 7.00000000000001 11.0 -2.22073197015945
    vertex 4.50000000000001 11.0 6.40192378864668
    vertex 7.00000000000001 11.0 7.5
  endloop
endfacet
facet normal 0.0 1.0 0.0
  outer loop
    vertex 7.00000000000001 11.0 7.5
    vertex 4.50000000000001 11.0 6.40192378864668
    vertex 5.12132034355965 11.0 6.87867965644036
  endloop
endfacet
facet normal 0.0 1.0 0.0
  outer loop
    vertex 7.00000000000001 11.0 7.5
    vertex 5.12132034355965 11.0 6.87867965644036
    vertex 5.59807621135332 11.0 7.5
  endloop
endfacet
facet normal 0.0 1.0 0.0
  outer loop
    vertex 7.00000000000001 11.0 7.5
    vertex 5.59807621135332 11.0 7.5
    vertex 7.00000000000001 11.0 10.5
  endloop
endfacet
facet normal 0.0 1.0 0.0
  outer loop
    vertex 7.00000000000001 11.0 10.5
    vertex 5.59807621135332 11.0 7.5
    vertex 5.89777747886721 11.0 8.22354286469244
  endloop
endfacet
facet normal 0.0 1.0 0.0
  outer loop
    vertex 7.00000000000001 11.0 10.5
    vertex 5.89777747886721 11.0 8.22354286469244
    vertex 6.00000000000001 11.0 9.0
  endloop
endfacet
facet normal 0.0 1.0 0.0
  outer loop
    vertex 7.00000000000001 11.0 10.5
    vertex 6.00000000000001 11.0 9.0
    vertex 5.89777747886721 11.0 9.77645713530757
  endloop
endfacet
facet normal 0.0 1.0 0.0
  outer loop
    vertex 7.00000000000001 11.0 10.5
    vertex 5.89777747886721 11.0 9.77645713530757
    vertex 5.59807621135332 11.0 10.5
  endloop
endfacet
facet normal 0.0 1.0 0.0
  outer loop
    vertex 7.00000000000001 11.0 10.5
    vertex 5.59807621135332 11.0 10.5
    vertex 7.00000000000001 11.0 20.2207319701595
  endloop
endfacet
facet normal 0.0 1.0 0.0
  outer loop
    vertex 7.00000000000001 11.0 20.2207319701595
    vertex 5.59807621135332 11.0 10.5
    vertex 5.12132034355965 11.0 11.1213203435596
  endloop
endfacet
facet normal 0.0 1.0 0.0
  outer loop
    vertex 7.00000000000001 11.0 20.2207319701595
    vertex 5.12132034355965 11.0 11.1213203435596
    vertex 4.5 11.0 11.5980762113533
  endloop
endfacet
facet normal 0.0 1.0 0.0
  outer loop
    vertex 7.00000000000001 11.0 20.2207319701595
    vertex 4.5 11.0 11.5980762113533
    vertex 4.00000000000001 11.0 11.8051829925399
  endloop
endfacet
facet normal 0.0 1.0 0.0
  outer loop
    vertex 7.00000000000001 11.0 20.2207319701595
    vertex 4.00000000000001 11.0 11.8051829925399
    vertex 4.00000000000001 11.0 20.8683475024126
  endloop
endfacet
facet normal 0.0 1.0 0.0
  outer loop
    vertex 7.00000000000001 11.0 20.2207319701595
    vertex 4.00000000000001 11.0 20.8683475024126
    vertex 6.10582854123025 11.0 20.5911099154688
  endloop
endfacet
facet normal 0.257662650560332 0.966234939601246 1.21100006397431e-017
  outer loop
    vertex 7.00000000000001 11.0 10.5
    vertex 37.0 3.0 7.5
    vertex 7.00000000000001 11.0 7.5
  endloop
endfacet
facet normal 0.257662650560332 0.966234939601246 1.21100006397431e-017
  outer loop
    vertex 37.0 3.0 7.5
    vertex 7.00000000000001 11.0 10.5
    vertex 37.0 3.0 10.5
  endloop
endfacet
facet normal -0.608761429008721 0.0 0.793353340291235
  outer loop
    vertex 5.12132034355965 0.0 6.87867965644036
    vertex 4.50000000000001 11.0 6.40192378864668
    vertex 4.50000000000001 0.0 6.40192378864668
  endloop
endfacet
facet normal -0.608761429008721 0.0 0.793353340291235
  outer loop
    vertex 4.50000000000001 11.0 6.40192378864668
    vertex 5.12132034355965 0.0 6.87867965644036
    vertex 5.12132034355965 11.0 6.87867965644036
  endloop
endfacet
facet normal -0.991444861373812 0.0 0.130526192220038
  outer loop
    vertex 73.05 3.0 9.0
    vertex 72.9801479438926 0.0 8.46942095753983
    vertex 73.05 0.0 9.0
  endloop
endfacet
facet normal -0.991444861373812 0.0 0.130526192220038
  outer loop
    vertex 72.9801479438926 0.0 8.46942095753983
    vertex 73.05 3.0 9.0
    vertex 72.9801479438926 3.0 8.46942095753983
  endloop
endfacet
facet normal -0.712728859359556 0.695135259152562 -0.0938325344373027
  outer loop
    vertex -1.0 11.0 7.5
    vertex -8.8025212536189 3.0 7.5
    vertex -8.99999999999999 3.0 9.0
  endloop
endfacet
facet normal -0.923879532511282 0.0 0.382683432365102
  outer loop
    vertex 72.9801479438926 3.0 8.46942095753983
    vertex 72.7753520777581 0.0 7.975
    vertex 72.9801479438926 0.0 8.46942095753983
  endloop
endfacet
facet normal -0.923879532511282 0.0 0.382683432365102
  outer loop
    vertex 72.7753520777581 0.0 7.975
    vertex 72.9801479438926 3.0 8.46942095753983
    vertex 72.7753520777581 3.0 7.975
  endloop
endfacet
facet normal 1.69680684361893e-033 1.0 6.64450771275119e-033
  outer loop
    vertex 79.6933324366016 3.0 6.67062859407732
    vertex 71.5305790424602 3.0 7.01985205610741
    vertex 80.0 3.0 9.0
  endloop
endfacet
facet normal 1.69680684361893e-033 1.0 6.64450771275119e-033
  outer loop
    vertex 71.5305790424602 3.0 7.01985205610741
    vertex 79.6933324366016 3.0 6.67062859407732
    vertex 71.0 3.0 6.95
  endloop
endfacet
facet normal 1.69680684361893e-033 1.0 6.64450771275119e-033
  outer loop
    vertex 80.0 3.0 9.0
    vertex 71.5305790424602 3.0 7.01985205610741
    vertex 72.025 3.0 7.2246479222419
  endloop
endfacet
facet normal 1.69680684361893e-033 1.0 6.64450771275119e-033
  outer loop
    vertex 80.0 3.0 9.0
    vertex 72.025 3.0 7.2246479222419
    vertex 72.4495689014324 3.0 7.55043109856758
  endloop
endfacet
facet normal 1.69680684361893e-033 1.0 6.64450771275119e-033
  outer loop
    vertex 80.0 3.0 9.0
    vertex 72.4495689014324 3.0 7.55043109856758
    vertex 72.7753520777581 3.0 7.975
  endloop
endfacet
facet normal 1.69680684361893e-033 1.0 6.64450771275119e-033
  outer loop
    vertex 80.0 3.0 9.0
    vertex 72.7753520777581 3.0 7.975
    vertex 72.9801479438926 3.0 8.46942095753983
  endloop
endfacet
facet normal 1.69680684361893e-033 1.0 6.64450771275119e-033
  outer loop
    vertex 80.0 3.0 9.0
    vertex 72.9801479438926 3.0 8.46942095753983
    vertex 73.05 3.0 9.0
  endloop
endfacet
facet normal 1.69680684361893e-033 1.0 6.64450771275119e-033
  outer loop
    vertex 80.0 3.0 9.0
    vertex 73.05 3.0 9.0
    vertex 72.9801479438926 3.0 9.53057904246017
  endloop
endfacet
facet normal 1.69680684361893e-033 1.0 6.64450771275119e-033
  outer loop
    vertex 80.0 3.0 9.0
    vertex 72.9801479438926 3.0 9.53057904246017
    vertex 79.6933324366016 3.0 11.3293714059227
  endloop
endfacet
facet normal 1.69680684361893e-033 1.0 6.64450771275119e-033
  outer loop
    vertex 79.6933324366016 3.0 11.3293714059227
    vertex 72.9801479438926 3.0 9.53057904246017
    vertex 72.7753520777581 3.0 10.025
  endloop
endfacet
facet normal 1.69680684361893e-033 1.0 6.64450771275119e-033
  outer loop
    vertex 79.6933324366016 3.0 11.3293714059227
    vertex 72.7753520777581 3.0 10.025
    vertex 72.4495689014324 3.0 10.4495689014324
  endloop
endfacet
facet normal 1.69680684361893e-033 1.0 6.64450771275119e-033
  outer loop
    vertex 79.6933324366016 3.0 11.3293714059227
    vertex 72.4495689014324 3.0 10.4495689014324
    vertex 72.025 3.0 10.7753520777581
  endloop
endfacet
facet normal 1.69680684361893e-033 1.0 6.64450771275119e-033
  outer loop
    vertex 79.6933324366016 3.0 11.3293714059227
    vertex 72.025 3.0 10.7753520777581
    vertex 71.5305790424602 3.0 10.9801479438926
  endloop
endfacet
facet normal 1.69680684361893e-033 1.0 6.64450771275119e-033
  outer loop
    vertex 79.6933324366016 3.0 11.3293714059227
    vertex 71.5305790424602 3.0 10.9801479438926
    vertex 71.0 3.0 11.05
  endloop
endfacet
facet normal 1.69680684361893e-033 1.0 6.64450771275119e-033
  outer loop
    vertex 7.0 3.0 7.5
    vertex 9.00000000000001 3.0 -1.39230484541326
    vertex 7.00000000000001 3.0 -2.22073197015945
  endloop
endfacet
facet normal 1.69680684361893e-033 1.0 6.64450771275119e-033
  outer loop
    vertex 9.00000000000001 3.0 -1.39230484541326
    vertex 7.0 3.0 7.5
    vertex 10.8144870012723 3.0 0.0
  endloop
endfacet
facet normal 1.69680684361893e-033 1.0 6.64450771275119e-033
  outer loop
    vertex 10.8144870012723 3.0 0.0
    vertex 7.0 3.0 7.5
    vertex 71.0 3.0 0.0
  endloop
endfacet
facet normal 1.69680684361893e-033 1.0 6.64450771275119e-033
  outer loop
    vertex 71.0 3.0 0.0
    vertex 7.0 3.0 7.5
    vertex 73.3293714059227 3.0 0.306667563398386
  endloop
endfacet
facet normal 1.69680684361893e-033 1.0 6.64450771275119e-033
  outer loop
    vertex 73.3293714059227 3.0 0.306667563398386
    vertex 7.0 3.0 7.5
    vertex 75.5 3.0 1.20577136594005
  endloop
endfacet
facet normal 1.69680684361893e-033 1.0 6.64450771275119e-033
  outer loop
    vertex 75.5 3.0 1.20577136594005
    vertex 7.0 3.0 7.5
    vertex 77.3639610306789 3.0 2.63603896932107
  endloop
endfacet
facet normal 1.69680684361893e-033 1.0 6.64450771275119e-033
  outer loop
    vertex 77.3639610306789 3.0 2.63603896932107
    vertex 7.0 3.0 7.5
    vertex 78.7942286340599 3.0 4.5
  endloop
endfacet
facet normal 1.69680684361893e-033 1.0 6.64450771275119e-033
  outer loop
    vertex 78.7942286340599 3.0 4.5
    vertex 7.0 3.0 7.5
    vertex 79.6933324366016 3.0 6.67062859407732
  endloop
endfacet
facet normal 1.69680684361893e-033 1.0 6.64450771275119e-033
  outer loop
    vertex 79.6933324366016 3.0 6.67062859407732
    vertex 7.0 3.0 7.5
    vertex 71.0 3.0 6.95
  endloop
endfacet
facet normal 1.69680684361893e-033 1.0 6.64450771275119e-033
  outer loop
    vertex 71.0 3.0 6.95
    vertex 7.0 3.0 7.5
    vertex 70.4694209575398 3.0 7.01985205610741
  endloop
endfacet
facet normal 1.69680684361893e-033 1.0 6.64450771275119e-033
  outer loop
    vertex 70.4694209575398 3.0 7.01985205610741
    vertex 7.0 3.0 7.5
    vertex 69.975 3.0 7.2246479222419
  endloop
endfacet
facet normal 1.69680684361893e-033 1.0 6.64450771275119e-033
  outer loop
    vertex 69.975 3.0 7.2246479222419
    vertex 7.0 3.0 7.5
    vertex 37.0 3.0 7.5
  endloop
endfacet
facet normal 1.69680684361893e-033 1.0 6.64450771275119e-033
  outer loop
    vertex 69.975 3.0 7.2246479222419
    vertex 37.0 3.0 7.5
    vertex 69.5504310985676 3.0 7.55043109856758
  endloop
endfacet
facet normal 1.69680684361893e-033 1.0 6.64450771275119e-033
  outer loop
    vertex 69.5504310985676 3.0 7.55043109856758
    vertex 37.0 3.0 7.5
    vertex 37.0 3.0 10.5
  endloop
endfacet
facet normal 1.69680684361893e-033 1.0 6.64450771275119e-033
  outer loop
    vertex 69.5504310985676 3.0 7.55043109856758
    vertex 37.0 3.0 10.5
    vertex 69.2246479222419 3.0 7.975
  endloop
endfacet
facet normal 1.69680684361893e-033 1.0 6.64450771275119e-033
  outer loop
    vertex 69.2246479222419 3.0 7.975
    vertex 37.0 3.0 10.5
    vertex 69.0198520561074 3.0 8.46942095753983
  endloop
endfacet
facet normal 1.69680684361893e-033 1.0 6.64450771275119e-033
  outer loop
    vertex 69.0198520561074 3.0 8.46942095753983
    vertex 37.0 3.0 10.5
    vertex 68.95 3.0 9.0
  endloop
endfacet
facet normal 1.69680684361893e-033 1.0 6.64450771275119e-033
  outer loop
    vertex 68.95 3.0 9.0
    vertex 37.0 3.0 10.5
    vertex 69.0198520561074 3.0 9.53057904246017
  endloop
endfacet
facet normal 1.69680684361893e-033 1.0 6.64450771275119e-033
  outer loop
    vertex 69.0198520561074 3.0 9.53057904246017
    vertex 37.0 3.0 10.5
    vertex 69.2246479222419 3.0 10.025
  endloop
endfacet
facet normal 1.69680684361893e-033 1.0 6.64450771275119e-033
  outer loop
    vertex 69.2246479222419 3.0 10.025
    vertex 37.0 3.0 10.5
    vertex 69.5504310985676 3.0 10.4495689014324
  endloop
endfacet
facet normal 1.69680684361893e-033 1.0 6.64450771275119e-033
  outer loop
    vertex 69.5504310985676 3.0 10.4495689014324
    vertex 37.0 3.0 10.5
    vertex 69.975 3.0 10.7753520777581
  endloop
endfacet
facet normal 1.69680684361893e-033 1.0 6.64450771275119e-033
  outer loop
    vertex 7.0 3.0 10.5
    vertex 10.8144870012723 3.0 18.0
    vertex 37.0 3.0 10.5
  endloop
endfacet
facet normal 1.69680684361893e-033 1.0 6.64450771275119e-033
  outer loop
    vertex 10.8144870012723 3.0 18.0
    vertex 7.0 3.0 10.5
    vertex 7.00000000000001 3.0 20.2207319701595
  endloop
endfacet
facet normal 1.69680684361893e-033 1.0 6.64450771275119e-033
  outer loop
    vertex 37.0 3.0 10.5
    vertex 10.8144870012723 3.0 18.0
    vertex 69.975 3.0 10.7753520777581
  endloop
endfacet
facet normal 1.69680684361893e-033 1.0 6.64450771275119e-033
  outer loop
    vertex 69.975 3.0 10.7753520777581
    vertex 10.8144870012723 3.0 18.0
    vertex 70.4694209575398 3.0 10.9801479438926
  endloop
endfacet
facet normal 1.69680684361893e-033 1.0 6.64450771275119e-033
  outer loop
    vertex 70.4694209575398 3.0 10.9801479438926
    vertex 10.8144870012723 3.0 18.0
    vertex 71.0 3.0 11.05
  endloop
endfacet
facet normal 1.69680684361893e-033 1.0 6.64450771275119e-033
  outer loop
    vertex 71.0 3.0 11.05
    vertex 10.8144870012723 3.0 18.0
    vertex 79.6933324366016 3.0 11.3293714059227
  endloop
endfacet
facet normal 1.69680684361893e-033 1.0 6.64450771275119e-033
  outer loop
    vertex 79.6933324366016 3.0 11.3293714059227
    vertex 10.8144870012723 3.0 18.0
    vertex 78.7942286340599 3.0 13.5
  endloop
endfacet
facet normal 1.69680684361893e-033 1.0 6.64450771275119e-033
  outer loop
    vertex 78.7942286340599 3.0 13.5
    vertex 10.8144870012723 3.0 18.0
    vertex 77.3639610306789 3.0 15.3639610306789
  endloop
endfacet
facet normal 1.69680684361893e-033 1.0 6.64450771275119e-033
  outer loop
    vertex 77.3639610306789 3.0 15.3639610306789
    vertex 10.8144870012723 3.0 18.0
    vertex 75.5 3.0 16.7942286340599
  endloop
endfacet
facet normal 1.69680684361893e-033 1.0 6.64450771275119e-033
  outer loop
    vertex 75.5 3.0 16.7942286340599
    vertex 10.8144870012723 3.0 18.0
    vertex 73.3293714059227 3.0 17.6933324366016
  endloop
endfacet
facet normal 1.69680684361893e-033 1.0 6.64450771275119e-033
  outer loop
    vertex 10.8144870012723 3.0 18.0
    vertex 7.00000000000001 3.0 20.2207319701595
    vertex 9.0 3.0 19.3923048454133
  endloop
endfacet
facet normal 1.69680684361893e-033 1.0 6.64450771275119e-033
  outer loop
    vertex 71.0 3.0 18.0
    vertex 73.3293714059227 3.0 17.6933324366016
    vertex 10.8144870012723 3.0 18.0
  endloop
endfacet
facet normal -1.0 8.81239525796218e-017 1.66262041120926e-016
  outer loop
    vertex 7.00000000000001 3.0 20.2207319701595
    vertex 7.00000000000001 5.45451867793749 16.4192934647039
    vertex 7.00000000000001 5.4 16.0051829925399
  endloop
endfacet
facet normal -1.0 8.81239525796218e-017 1.66262041120926e-016
  outer loop
    vertex 7.00000000000001 5.45451867793749 16.4192934647039
    vertex 7.00000000000001 3.0 20.2207319701595
    vertex 7.00000000000001 5.6143593539449 16.8051829925399
  endloop
endfacet
facet normal -1.0 8.81239525796218e-017 1.66262041120926e-016
  outer loop
    vertex 7.00000000000001 5.6143593539449 16.8051829925399
    vertex 7.00000000000001 3.0 20.2207319701595
    vertex 7.00000000000001 5.86862915010152 17.1365538424383
  endloop
endfacet
facet normal -1.0 8.81239525796218e-017 1.66262041120926e-016
  outer loop
    vertex 7.00000000000001 5.86862915010152 17.1365538424383
    vertex 7.00000000000001 3.0 20.2207319701595
    vertex 7.00000000000001 6.2 17.390823638595
  endloop
endfacet
facet normal -1.0 8.81239525796218e-017 1.66262041120926e-016
  outer loop
    vertex 7.00000000000001 6.2 17.390823638595
    vertex 7.00000000000001 3.0 20.2207319701595
    vertex 7.00000000000001 11.0 20.2207319701595
  endloop
endfacet
facet normal -1.0 8.81239525796218e-017 1.66262041120926e-016
  outer loop
    vertex 7.00000000000001 6.2 17.390823638595
    vertex 7.00000000000001 11.0 20.2207319701595
    vertex 7.00000000000001 6.58588952783597 17.5506643146024
  endloop
endfacet
facet normal -1.0 8.81239525796218e-017 1.66262041120926e-016
  outer loop
    vertex 7.00000000000001 6.58588952783597 17.5506643146024
    vertex 7.00000000000001 11.0 20.2207319701595
    vertex 7.00000000000001 7.0 17.6051829925399
  endloop
endfacet
facet normal -1.0 8.81239525796218e-017 1.66262041120926e-016
  outer loop
    vertex 7.00000000000001 7.0 17.6051829925399
    vertex 7.00000000000001 11.0 20.2207319701595
    vertex 7.00000000000001 7.41411047216403 17.5506643146024
  endloop
endfacet
facet normal -1.0 8.81239525796218e-017 1.66262041120926e-016
  outer loop
    vertex 7.00000000000001 7.41411047216403 17.5506643146024
    vertex 7.00000000000001 11.0 20.2207319701595
    vertex 7.00000000000001 7.8 17.390823638595
  endloop
endfacet
facet normal -1.0 8.81239525796218e-017 1.66262041120926e-016
  outer loop
    vertex 7.00000000000001 7.8 17.390823638595
    vertex 7.00000000000001 11.0 20.2207319701595
    vertex 7.00000000000001 8.13137084989848 17.1365538424383
  endloop
endfacet
facet normal -1.0 8.81239525796218e-017 1.66262041120926e-016
  outer loop
    vertex 7.00000000000001 8.13137084989848 17.1365538424383
    vertex 7.00000000000001 11.0 20.2207319701595
    vertex 7.00000000000001 8.3856406460551 16.8051829925399
  endloop
endfacet
facet normal -1.0 8.81239525796218e-017 1.66262041120926e-016
  outer loop
    vertex 7.00000000000001 8.3856406460551 16.8051829925399
    vertex 7.00000000000001 11.0 20.2207319701595
    vertex 7.00000000000001 8.54548132206251 16.4192934647039
  endloop
endfacet
facet normal -1.0 8.81239525796218e-017 1.66262041120926e-016
  outer loop
    vertex 7.00000000000001 8.54548132206251 16.4192934647039
    vertex 7.00000000000001 11.0 20.2207319701595
    vertex 7.00000000000001 8.6 16.0051829925399
  endloop
endfacet
facet normal -1.0 8.81239525796218e-017 1.66262041120926e-016
  outer loop
    vertex 7.0 3.0 10.5
    vertex 7.00000000000001 5.86862915010152 14.8738121426414
    vertex 7.00000000000001 11.0 10.5
  endloop
endfacet
facet normal -1.0 8.81239525796218e-017 1.66262041120926e-016
  outer loop
    vertex 7.00000000000001 5.86862915010152 14.8738121426414
    vertex 7.0 3.0 10.5
    vertex 7.00000000000001 5.6143593539449 15.2051829925399
  endloop
endfacet
facet normal -1.0 8.81239525796218e-017 1.66262041120926e-016
  outer loop
    vertex 7.00000000000001 5.6143593539449 15.2051829925399
    vertex 7.0 3.0 10.5
    vertex 7.00000000000001 3.0 20.2207319701595
  endloop
endfacet
facet normal -1.0 8.81239525796218e-017 1.66262041120926e-016
  outer loop
    vertex 7.00000000000001 5.6143593539449 15.2051829925399
    vertex 7.00000000000001 3.0 20.2207319701595
    vertex 7.00000000000001 5.45451867793749 15.5910725203758
  endloop
endfacet
facet normal -1.0 8.81239525796218e-017 1.66262041120926e-016
  outer loop
    vertex 7.00000000000001 5.45451867793749 15.5910725203758
    vertex 7.00000000000001 3.0 20.2207319701595
    vertex 7.00000000000001 5.4 16.0051829925399
  endloop
endfacet
facet normal -1.0 8.81239525796218e-017 1.66262041120926e-016
  outer loop
    vertex 7.00000000000001 11.0 10.5
    vertex 7.00000000000001 5.86862915010152 14.8738121426414
    vertex 7.00000000000001 6.2 14.6195423464848
  endloop
endfacet
facet normal -1.0 8.81239525796218e-017 1.66262041120926e-016
  outer loop
    vertex 7.00000000000001 11.0 10.5
    vertex 7.00000000000001 6.2 14.6195423464848
    vertex 7.00000000000001 6.58588952783597 14.4597016704774
  endloop
endfacet
facet normal -1.0 8.81239525796218e-017 1.66262041120926e-016
  outer loop
    vertex 7.00000000000001 11.0 10.5
    vertex 7.00000000000001 6.58588952783597 14.4597016704774
    vertex 7.00000000000001 7.0 14.4051829925399
  endloop
endfacet
facet normal -1.0 8.81239525796218e-017 1.66262041120926e-016
  outer loop
    vertex 7.00000000000001 11.0 10.5
    vertex 7.00000000000001 7.0 14.4051829925399
    vertex 7.00000000000001 7.41411047216403 14.4597016704774
  endloop
endfacet
facet normal -1.0 8.81239525796218e-017 1.66262041120926e-016
  outer loop
    vertex 7.00000000000001 11.0 10.5
    vertex 7.00000000000001 7.41411047216403 14.4597016704774
    vertex 7.00000000000001 7.8 14.6195423464848
  endloop
endfacet
facet normal -1.0 8.81239525796218e-017 1.66262041120926e-016
  outer loop
    vertex 7.00000000000001 11.0 10.5
    vertex 7.00000000000001 7.8 14.6195423464848
    vertex 7.00000000000001 8.13137084989848 14.8738121426414
  endloop
endfacet
facet normal -1.0 8.81239525796218e-017 1.66262041120926e-016
  outer loop
    vertex 7.00000000000001 11.0 10.5
    vertex 7.00000000000001 8.13137084989848 14.8738121426414
    vertex 7.00000000000001 8.3856406460551 15.2051829925399
  endloop
endfacet
facet normal -1.0 8.81239525796218e-017 1.66262041120926e-016
  outer loop
    vertex 7.00000000000001 11.0 10.5
    vertex 7.00000000000001 8.3856406460551 15.2051829925399
    vertex 7.00000000000001 8.54548132206251 15.5910725203758
  endloop
endfacet
facet normal -1.0 8.81239525796218e-017 1.66262041120926e-016
  outer loop
    vertex 7.00000000000001 11.0 10.5
    vertex 7.00000000000001 8.54548132206251 15.5910725203758
    vertex 7.00000000000001 8.6 16.0051829925399
  endloop
endfacet
facet normal -1.0 8.81239525796218e-017 1.66262041120926e-016
  outer loop
    vertex 7.00000000000001 11.0 10.5
    vertex 7.00000000000001 8.6 16.0051829925399
    vertex 7.00000000000001 11.0 20.2207319701595
  endloop
endfacet
facet normal -0.793353340291238 0.0 0.608761429008718
  outer loop
    vertex 72.7753520777581 3.0 7.975
    vertex 72.4495689014324 0.0 7.55043109856758
    vertex 72.7753520777581 0.0 7.975
  endloop
endfacet
facet normal -0.793353340291238 0.0 0.608761429008718
  outer loop
    vertex 72.4495689014324 0.0 7.55043109856758
    vertex 72.7753520777581 3.0 7.975
    vertex 72.4495689014324 3.0 7.55043109856758
  endloop
endfacet
facet normal -0.130526192220052 -0.0 -0.99144486137381
  outer loop
    vertex 71.5305790424602 3.0 10.9801479438926
    vertex 71.0 0.0 11.05
    vertex 71.0 3.0 11.05
  endloop
endfacet
facet normal -0.130526192220052 -0.0 -0.99144486137381
  outer loop
    vertex 71.0 0.0 11.05
    vertex 71.5305790424602 3.0 10.9801479438926
    vertex 71.5305790424602 0.0 10.9801479438926
  endloop
endfacet
facet normal -0.382683432365091 0.0 0.923879532511286
  outer loop
    vertex 72.025 0.0 7.2246479222419
    vertex 71.5305790424602 3.0 7.01985205610741
    vertex 71.5305790424602 0.0 7.01985205610741
  endloop
endfacet
facet normal -0.382683432365091 0.0 0.923879532511286
  outer loop
    vertex 71.5305790424602 3.0 7.01985205610741
    vertex 72.025 0.0 7.2246479222419
    vertex 72.025 3.0 7.2246479222419
  endloop
endfacet
facet normal 0.923879532511282 0.0 -0.382683432365101
  outer loop
    vertex 69.0198520561074 3.0 9.53057904246017
    vertex 69.2246479222419 0.0 10.025
    vertex 69.0198520561074 0.0 9.53057904246017
  endloop
endfacet
facet normal 0.923879532511282 0.0 -0.382683432365101
  outer loop
    vertex 69.2246479222419 0.0 10.025
    vertex 69.0198520561074 3.0 9.53057904246017
    vertex 69.2246479222419 3.0 10.025
  endloop
endfacet
facet normal 0.991444861373812 0.0 -0.130526192220038
  outer loop
    vertex 68.95 3.0 9.0
    vertex 69.0198520561074 0.0 9.53057904246017
    vertex 68.95 0.0 9.0
  endloop
endfacet
facet normal 0.991444861373812 0.0 -0.130526192220038
  outer loop
    vertex 69.0198520561074 0.0 9.53057904246017
    vertex 68.95 3.0 9.0
    vertex 69.0198520561074 3.0 9.53057904246017
  endloop
endfacet
facet normal 0.608761429008725 0.0 -0.793353340291232
  outer loop
    vertex 69.975 3.0 10.7753520777581
    vertex 69.5504310985676 0.0 10.4495689014324
    vertex 69.5504310985676 3.0 10.4495689014324
  endloop
endfacet
facet normal 0.608761429008725 0.0 -0.793353340291232
  outer loop
    vertex 69.5504310985676 0.0 10.4495689014324
    vertex 69.975 3.0 10.7753520777581
    vertex 69.975 0.0 10.7753520777581
  endloop
endfacet
facet normal -0.382683432365081 -0.0 -0.92387953251129
  outer loop
    vertex 72.025 3.0 10.7753520777581
    vertex 71.5305790424602 0.0 10.9801479438926
    vertex 71.5305790424602 3.0 10.9801479438926
  endloop
endfacet
facet normal -0.382683432365081 -0.0 -0.92387953251129
  outer loop
    vertex 71.5305790424602 0.0 10.9801479438926
    vertex 72.025 3.0 10.7753520777581
    vertex 72.025 0.0 10.7753520777581
  endloop
endfacet
facet normal 0.382683432365091 0.0 0.923879532511286
  outer loop
    vertex 70.4694209575398 0.0 7.01985205610741
    vertex 69.975 3.0 7.2246479222419
    vertex 69.975 0.0 7.2246479222419
  endloop
endfacet
facet normal 0.382683432365091 0.0 0.923879532511286
  outer loop
    vertex 69.975 3.0 7.2246479222419
    vertex 70.4694209575398 0.0 7.01985205610741
    vertex 70.4694209575398 3.0 7.01985205610741
  endloop
endfacet
facet normal 0.382683432365091 0.0 -0.923879532511286
  outer loop
    vertex 70.4694209575398 3.0 10.9801479438926
    vertex 69.975 0.0 10.7753520777581
    vertex 69.975 3.0 10.7753520777581
  endloop
endfacet
facet normal 0.382683432365091 0.0 -0.923879532511286
  outer loop
    vertex 69.975 0.0 10.7753520777581
    vertex 70.4694209575398 3.0 10.9801479438926
    vertex 70.4694209575398 0.0 10.9801479438926
  endloop
endfacet
facet normal 0.13052619222005 0.0 -0.991444861373811
  outer loop
    vertex 71.0 3.0 11.05
    vertex 70.4694209575398 0.0 10.9801479438926
    vertex 70.4694209575398 3.0 10.9801479438926
  endloop
endfacet
facet normal 0.13052619222005 0.0 -0.991444861373811
  outer loop
    vertex 70.4694209575398 0.0 10.9801479438926
    vertex 71.0 3.0 11.05
    vertex 71.0 0.0 11.05
  endloop
endfacet
facet normal -0.608761429008725 -0.0 -0.793353340291232
  outer loop
    vertex 72.4495689014324 3.0 10.4495689014324
    vertex 72.025 0.0 10.7753520777581
    vertex 72.025 3.0 10.7753520777581
  endloop
endfacet
facet normal -0.608761429008725 -0.0 -0.793353340291232
  outer loop
    vertex 72.025 0.0 10.7753520777581
    vertex 72.4495689014324 3.0 10.4495689014324
    vertex 72.4495689014324 0.0 10.4495689014324
  endloop
endfacet
facet normal -0.923879532511282 -0.0 -0.382683432365102
  outer loop
    vertex 72.7753520777581 3.0 10.025
    vertex 72.9801479438926 0.0 9.53057904246017
    vertex 72.7753520777581 0.0 10.025
  endloop
endfacet
facet normal -0.923879532511282 -0.0 -0.382683432365102
  outer loop
    vertex 72.9801479438926 0.0 9.53057904246017
    vertex 72.7753520777581 3.0 10.025
    vertex 72.9801479438926 3.0 9.53057904246017
  endloop
endfacet
facet normal 0.793353340291238 0.0 0.608761429008718
  outer loop
    vertex 69.5504310985676 3.0 7.55043109856758
    vertex 69.2246479222419 0.0 7.975
    vertex 69.5504310985676 0.0 7.55043109856758
  endloop
endfacet
facet normal 0.793353340291238 0.0 0.608761429008718
  outer loop
    vertex 69.2246479222419 0.0 7.975
    vertex 69.5504310985676 3.0 7.55043109856758
    vertex 69.2246479222419 3.0 7.975
  endloop
endfacet
facet normal -0.991444861373812 -0.0 -0.130526192220037
  outer loop
    vertex 72.9801479438926 3.0 9.53057904246017
    vertex 73.05 0.0 9.0
    vertex 72.9801479438926 0.0 9.53057904246017
  endloop
endfacet
facet normal -0.991444861373812 -0.0 -0.130526192220037
  outer loop
    vertex 73.05 0.0 9.0
    vertex 72.9801479438926 3.0 9.53057904246017
    vertex 73.05 3.0 9.0
  endloop
endfacet
facet normal 0.608761429008723 0.0 0.793353340291233
  outer loop
    vertex 69.975 0.0 7.2246479222419
    vertex 69.5504310985676 3.0 7.55043109856758
    vertex 69.5504310985676 0.0 7.55043109856758
  endloop
endfacet
facet normal 0.608761429008723 0.0 0.793353340291233
  outer loop
    vertex 69.5504310985676 3.0 7.55043109856758
    vertex 69.975 0.0 7.2246479222419
    vertex 69.975 3.0 7.2246479222419
  endloop
endfacet
facet normal 0.793353340291238 0.0 -0.608761429008718
  outer loop
    vertex 69.2246479222419 3.0 10.025
    vertex 69.5504310985676 0.0 10.4495689014324
    vertex 69.2246479222419 0.0 10.025
  endloop
endfacet
facet normal 0.793353340291238 0.0 -0.608761429008718
  outer loop
    vertex 69.5504310985676 0.0 10.4495689014324
    vertex 69.2246479222419 3.0 10.025
    vertex 69.5504310985676 3.0 10.4495689014324
  endloop
endfacet
facet normal -0.608761429008725 0.0 0.793353340291232
  outer loop
    vertex 72.4495689014324 0.0 7.55043109856758
    vertex 72.025 3.0 7.2246479222419
    vertex 72.025 0.0 7.2246479222419
  endloop
endfacet
facet normal -0.608761429008725 0.0 0.793353340291232
  outer loop
    vertex 72.025 3.0 7.2246479222419
    vertex 72.4495689014324 0.0 7.55043109856758
    vertex 72.4495689014324 3.0 7.55043109856758
  endloop
endfacet
facet normal 0.13052619222005 0.0 0.991444861373811
  outer loop
    vertex 71.0 0.0 6.95
    vertex 70.4694209575398 3.0 7.01985205610741
    vertex 70.4694209575398 0.0 7.01985205610741
  endloop
endfacet
facet normal 0.13052619222005 0.0 0.991444861373811
  outer loop
    vertex 70.4694209575398 3.0 7.01985205610741
    vertex 71.0 0.0 6.95
    vertex 71.0 3.0 6.95
  endloop
endfacet
facet normal 0.923879532511282 0.0 0.382683432365101
  outer loop
    vertex 69.2246479222419 3.0 7.975
    vertex 69.0198520561074 0.0 8.46942095753983
    vertex 69.2246479222419 0.0 7.975
  endloop
endfacet
facet normal 0.923879532511282 0.0 0.382683432365101
  outer loop
    vertex 69.0198520561074 0.0 8.46942095753983
    vertex 69.2246479222419 3.0 7.975
    vertex 69.0198520561074 3.0 8.46942095753983
  endloop
endfacet
facet normal -0.13052619222005 0.0 0.991444861373811
  outer loop
    vertex 71.5305790424602 0.0 7.01985205610741
    vertex 71.0 3.0 6.95
    vertex 71.0 0.0 6.95
  endloop
endfacet
facet normal -0.13052619222005 0.0 0.991444861373811
  outer loop
    vertex 71.0 3.0 6.95
    vertex 71.5305790424602 0.0 7.01985205610741
    vertex 71.5305790424602 3.0 7.01985205610741
  endloop
endfacet
facet normal -0.793353340291238 -0.0 -0.608761429008718
  outer loop
    vertex 72.4495689014324 3.0 10.4495689014324
    vertex 72.7753520777581 0.0 10.025
    vertex 72.4495689014324 0.0 10.4495689014324
  endloop
endfacet
facet normal -0.793353340291238 -0.0 -0.608761429008718
  outer loop
    vertex 72.7753520777581 0.0 10.025
    vertex 72.4495689014324 3.0 10.4495689014324
    vertex 72.7753520777581 3.0 10.025
  endloop
endfacet
facet normal 0.991444861373812 0.0 0.130526192220038
  outer loop
    vertex 69.0198520561074 3.0 8.46942095753983
    vertex 68.95 0.0 9.0
    vertex 69.0198520561074 0.0 8.46942095753983
  endloop
endfacet
facet normal 0.991444861373812 0.0 0.130526192220038
  outer loop
    vertex 68.95 0.0 9.0
    vertex 69.0198520561074 3.0 8.46942095753983
    vertex 68.95 3.0 9.0
  endloop
endfacet
facet normal 1.0 0.0 3.88932375589679e-017
  outer loop
    vertex 2.00000000000001 0.0 11.8051829925399
    vertex 2.0 5.80978056540761 14.9358945854585
    vertex 2.00000000000001 0.0 20.8683475024126
  endloop
endfacet
facet normal 1.0 0.0 3.88932375589679e-017
  outer loop
    vertex 2.0 5.80978056540761 14.9358945854585
    vertex 2.00000000000001 0.0 11.8051829925399
    vertex 2.0 6.12708851363603 14.6642782468648
  endloop
endfacet
facet normal 1.0 0.0 3.88932375589679e-017
  outer loop
    vertex 2.0 6.12708851363603 14.6642782468648
    vertex 2.00000000000001 0.0 11.8051829925399
    vertex 2.0 11.0 11.8051829925399
  endloop
endfacet
facet normal 1.0 0.0 3.88932375589679e-017
  outer loop
    vertex 2.00000000000001 0.0 20.8683475024126
    vertex 2.0 5.80978056540761 14.9358945854585
    vertex 2.0 5.57358410471605 15.2803811619121
  endloop
endfacet
facet normal 1.0 0.0 3.88932375589679e-017
  outer loop
    vertex 2.00000000000001 0.0 20.8683475024126
    vertex 2.0 5.57358410471605 15.2803811619121
    vertex 2.0 5.43459553002436 15.6742617853314
  endloop
endfacet
facet normal 1.0 0.0 3.88932375589679e-017
  outer loop
    vertex 2.00000000000001 0.0 20.8683475024126
    vertex 2.0 5.43459553002436 15.6742617853314
    vertex 2.0 5.40228668300832 16.0906941421488
  endloop
endfacet
facet normal 1.0 0.0 3.88932375589679e-017
  outer loop
    vertex 2.0 6.12708851363603 14.6642782468648
    vertex 2.0 11.0 11.8051829925399
    vertex 2.0 6.50388393710572 14.484042350739
  endloop
endfacet
facet normal 1.0 0.0 3.88932375589679e-017
  outer loop
    vertex 2.0 6.50388393710572 14.484042350739
    vertex 2.0 11.0 11.8051829925399
    vertex 2.0 6.91448885039109 14.4074696755482
  endloop
endfacet
facet normal 1.0 0.0 3.88932375589679e-017
  outer loop
    vertex 2.0 6.91448885039109 14.4074696755482
    vertex 2.0 11.0 11.8051829925399
    vertex 2.0 7.33092120720846 14.4397785225642
  endloop
endfacet
facet normal 1.0 0.0 3.88932375589679e-017
  outer loop
    vertex 2.0 7.33092120720846 14.4397785225642
    vertex 2.0 11.0 11.8051829925399
    vertex 2.0 7.72480183062772 14.5787670972559
  endloop
endfacet
facet normal 1.0 0.0 3.88932375589679e-017
  outer loop
    vertex 2.0 7.72480183062772 14.5787670972559
    vertex 2.0 11.0 11.8051829925399
    vertex 2.0 8.06928840708135 14.8149635579475
  endloop
endfacet
facet normal 1.0 0.0 3.88932375589679e-017
  outer loop
    vertex 2.0 8.06928840708135 14.8149635579475
    vertex 2.0 11.0 11.8051829925399
    vertex 2.0 8.34090474567504 15.1322715061759
  endloop
endfacet
facet normal 1.0 0.0 3.88932375589679e-017
  outer loop
    vertex 2.0 8.34090474567504 15.1322715061759
    vertex 2.0 11.0 11.8051829925399
    vertex 2.0 8.52114064180084 15.5090669296456
  endloop
endfacet
facet normal 1.0 0.0 3.88932375589679e-017
  outer loop
    vertex 2.0 8.52114064180084 15.5090669296456
    vertex 2.0 11.0 11.8051829925399
    vertex 2.0 8.59771331699168 15.919671842931
  endloop
endfacet
facet normal 1.0 0.0 3.88932375589679e-017
  outer loop
    vertex 2.00000000000001 0.0 20.8683475024126
    vertex 2.0 5.93071159291864 17.1954024271322
    vertex 2.0 11.0 20.8683475024126
  endloop
endfacet
facet normal 1.0 0.0 3.88932375589679e-017
  outer loop
    vertex 2.0 5.93071159291864 17.1954024271322
    vertex 2.00000000000001 0.0 20.8683475024126
    vertex 2.0 5.65909525432495 16.8780944789038
  endloop
endfacet
facet normal 1.0 0.0 3.88932375589679e-017
  outer loop
    vertex 2.0 5.65909525432495 16.8780944789038
    vertex 2.00000000000001 0.0 20.8683475024126
    vertex 2.0 5.47885935819916 16.5012990554341
  endloop
endfacet
facet normal 1.0 0.0 3.88932375589679e-017
  outer loop
    vertex 2.0 5.47885935819916 16.5012990554341
    vertex 2.00000000000001 0.0 20.8683475024126
    vertex 2.0 5.40228668300832 16.0906941421488
  endloop
endfacet
facet normal 1.0 0.0 3.88932375589679e-017
  outer loop
    vertex 2.0 11.0 20.8683475024126
    vertex 2.0 5.93071159291864 17.1954024271322
    vertex 2.0 6.27519816937228 17.4315988878238
  endloop
endfacet
facet normal 1.0 0.0 3.88932375589679e-017
  outer loop
    vertex 2.0 11.0 20.8683475024126
    vertex 2.0 6.27519816937228 17.4315988878238
    vertex 2.0 6.66907879279154 17.5705874625155
  endloop
endfacet
facet normal 1.0 0.0 3.88932375589679e-017
  outer loop
    vertex 2.0 11.0 20.8683475024126
    vertex 2.0 6.66907879279154 17.5705874625155
    vertex 2.0 7.0855111496089 17.6028963095315
  endloop
endfacet
facet normal 1.0 0.0 3.88932375589679e-017
  outer loop
    vertex 2.0 11.0 20.8683475024126
    vertex 2.0 7.0855111496089 17.6028963095315
    vertex 2.0 7.49611606289427 17.5263236343407
  endloop
endfacet
facet normal 1.0 0.0 3.88932375589679e-017
  outer loop
    vertex 2.0 11.0 20.8683475024126
    vertex 2.0 7.49611606289427 17.5263236343407
    vertex 2.0 7.87291148636396 17.3460877382149
  endloop
endfacet
facet normal 1.0 0.0 3.88932375589679e-017
  outer loop
    vertex 2.0 11.0 20.8683475024126
    vertex 2.0 7.87291148636396 17.3460877382149
    vertex 2.0 8.19021943459238 17.0744713996212
  endloop
endfacet
facet normal 1.0 0.0 3.88932375589679e-017
  outer loop
    vertex 2.0 11.0 20.8683475024126
    vertex 2.0 8.19021943459238 17.0744713996212
    vertex 2.0 8.42641589528395 16.7299848231676
  endloop
endfacet
facet normal 1.0 0.0 3.88932375589679e-017
  outer loop
    vertex 2.0 11.0 20.8683475024126
    vertex 2.0 8.42641589528395 16.7299848231676
    vertex 2.0 8.56540446997563 16.3361041997483
  endloop
endfacet
facet normal 1.0 0.0 3.88932375589679e-017
  outer loop
    vertex 2.0 11.0 20.8683475024126
    vertex 2.0 8.56540446997563 16.3361041997483
    vertex 2.0 8.59771331699168 15.919671842931
  endloop
endfacet
facet normal 1.0 0.0 3.88932375589679e-017
  outer loop
    vertex 2.0 11.0 20.8683475024126
    vertex 2.0 8.59771331699168 15.919671842931
    vertex 2.0 11.0 11.8051829925399
  endloop
endfacet
facet normal -0.382683432365091 0.0 0.923879532511286
  outer loop
    vertex -0.105828541230253 0.0 20.5911099154688
    vertex -3.0 3.0 19.3923048454133
    vertex -3.0 0.0 19.3923048454133
  endloop
endfacet
facet normal -0.382683432365091 0.0 0.923879532511286
  outer loop
    vertex -3.0 3.0 19.3923048454133
    vertex -0.105828541230253 0.0 20.5911099154688
    vertex -0.999999999999994 3.0 20.2207319701595
  endloop
endfacet
facet normal -0.382683432365091 0.0 0.923879532511286
  outer loop
    vertex -0.999999999999994 3.0 20.2207319701595
    vertex -0.105828541230253 0.0 20.5911099154688
    vertex -0.105828541230259 11.0 20.5911099154688
  endloop
endfacet
facet normal -0.382683432365091 0.0 0.923879532511286
  outer loop
    vertex -0.105828541230259 11.0 20.5911099154688
    vertex -1.0 11.0 20.2207319701595
    vertex -0.999999999999994 3.0 20.2207319701595
  endloop
endfacet
facet normal 0.382683432365093 0.0 -0.923879532511286
  outer loop
    vertex 2.0 11.0 11.8051829925399
    vertex 1.5 0.0 11.5980762113533
    vertex 1.5 11.0 11.5980762113533
  endloop
endfacet
facet normal 0.382683432365093 0.0 -0.923879532511286
  outer loop
    vertex 1.5 0.0 11.5980762113533
    vertex 2.0 11.0 11.8051829925399
    vertex 2.00000000000001 0.0 11.8051829925399
  endloop
endfacet
facet normal -0.99144486137381 -0.0 -0.130526192220052
  outer loop
    vertex -8.99999999999999 3.0 9.0
    vertex -8.59110991546881 0.0 5.89417145876975
    vertex -8.99999999999999 0.0 9.0
  endloop
endfacet
facet normal -0.99144486137381 -0.0 -0.130526192220052
  outer loop
    vertex -8.59110991546881 0.0 5.89417145876975
    vertex -8.99999999999999 3.0 9.0
    vertex -8.8025212536189 3.0 7.5
  endloop
endfacet
facet normal -0.99144486137381 -0.0 -0.130526192220052
  outer loop
    vertex -8.59110991546881 3.0 5.89417145876975
    vertex -8.59110991546881 0.0 5.89417145876975
    vertex -8.8025212536189 3.0 7.5
  endloop
endfacet
facet normal -0.793353340291236 0.0 0.60876142900872
  outer loop
    vertex -5.48528137423857 3.0 17.4852813742386
    vertex -7.39230484541326 0.0 15.0
    vertex -5.48528137423857 0.0 17.4852813742386
  endloop
endfacet
facet normal -0.793353340291236 0.0 0.60876142900872
  outer loop
    vertex -7.39230484541326 0.0 15.0
    vertex -5.48528137423857 3.0 17.4852813742386
    vertex -7.39230484541326 3.0 15.0
  endloop
endfacet
facet normal -0.130526192220051 0.0 0.991444861373811
  outer loop
    vertex -0.105828541230253 0.0 20.5911099154688
    vertex 2.0 11.0 20.8683475024126
    vertex -0.105828541230259 11.0 20.5911099154688
  endloop
endfacet
facet normal -0.130526192220051 0.0 0.991444861373811
  outer loop
    vertex 2.0 11.0 20.8683475024126
    vertex -0.105828541230253 0.0 20.5911099154688
    vertex 2.00000000000001 0.0 20.8683475024126
  endloop
endfacet
facet normal -0.923879532511287 0.0 0.382683432365089
  outer loop
    vertex -7.39230484541326 3.0 15.0
    vertex -8.59110991546881 0.0 12.1058285412302
    vertex -7.39230484541326 0.0 15.0
  endloop
endfacet
facet normal -0.923879532511287 0.0 0.382683432365089
  outer loop
    vertex -8.59110991546881 0.0 12.1058285412302
    vertex -7.39230484541326 3.0 15.0
    vertex -8.59110991546881 3.0 12.1058285412302
  endloop
endfacet
facet normal -0.991444861373811 0.0 0.130526192220051
  outer loop
    vertex -8.59110991546881 3.0 12.1058285412302
    vertex -8.99999999999999 0.0 9.0
    vertex -8.59110991546881 0.0 12.1058285412302
  endloop
endfacet
facet normal -0.991444861373811 0.0 0.130526192220051
  outer loop
    vertex -8.99999999999999 0.0 9.0
    vertex -8.59110991546881 3.0 12.1058285412302
    vertex -8.99999999999999 3.0 9.0
  endloop
endfacet
facet normal -0.991444861373811 0.0 0.130526192220051
  outer loop
    vertex -8.99999999999999 3.0 9.0
    vertex -8.59110991546881 3.0 12.1058285412302
    vertex -8.80530084246344 3.0 10.4788869266024
  endloop
endfacet
facet normal -0.923879532511287 -0.0 -0.38268343236509
  outer loop
    vertex -8.59110991546881 3.0 5.89417145876975
    vertex -7.39230484541326 0.0 3.0
    vertex -8.59110991546881 0.0 5.89417145876975
  endloop
endfacet
facet normal -0.923879532511287 -0.0 -0.38268343236509
  outer loop
    vertex -7.39230484541326 0.0 3.0
    vertex -8.59110991546881 3.0 5.89417145876975
    vertex -7.39230484541326 3.0 3.0
  endloop
endfacet
facet normal -0.793353340291235 -0.0 -0.608761429008721
  outer loop
    vertex -7.39230484541326 3.0 3.0
    vertex -5.48528137423856 0.0 0.514718625761429
    vertex -7.39230484541326 0.0 3.0
  endloop
endfacet
facet normal -0.793353340291235 -0.0 -0.608761429008721
  outer loop
    vertex -5.48528137423856 0.0 0.514718625761429
    vertex -7.39230484541326 3.0 3.0
    vertex -5.48528137423856 3.0 0.514718625761429
  endloop
endfacet
facet normal -0.608761429008721 0.0 0.793353340291235
  outer loop
    vertex -3.0 0.0 19.3923048454133
    vertex -5.48528137423857 3.0 17.4852813742386
    vertex -5.48528137423857 0.0 17.4852813742386
  endloop
endfacet
facet normal -0.608761429008721 0.0 0.793353340291235
  outer loop
    vertex -5.48528137423857 3.0 17.4852813742386
    vertex -3.0 0.0 19.3923048454133
    vertex -3.0 3.0 19.3923048454133
  endloop
endfacet
facet normal -0.60876142900872 -0.0 -0.793353340291236
  outer loop
    vertex -2.99999999999999 3.0 -1.39230484541326
    vertex -5.48528137423856 0.0 0.514718625761429
    vertex -5.48528137423856 3.0 0.514718625761429
  endloop
endfacet
facet normal -0.60876142900872 -0.0 -0.793353340291236
  outer loop
    vertex -5.48528137423856 0.0 0.514718625761429
    vertex -2.99999999999999 3.0 -1.39230484541326
    vertex -2.99999999999999 0.0 -1.39230484541326
  endloop
endfacet
facet normal -0.38268343236509 -0.0 -0.923879532511287
  outer loop
    vertex -0.105828541230248 11.0 -2.59110991546882
    vertex -0.999999999999994 3.0 -2.22073197015945
    vertex -1.0 11.0 -2.22073197015945
  endloop
endfacet
facet normal -0.38268343236509 -0.0 -0.923879532511287
  outer loop
    vertex -0.999999999999994 3.0 -2.22073197015945
    vertex -2.99999999999999 0.0 -1.39230484541326
    vertex -2.99999999999999 3.0 -1.39230484541326
  endloop
endfacet
facet normal -0.38268343236509 -0.0 -0.923879532511287
  outer loop
    vertex -2.99999999999999 0.0 -1.39230484541326
    vertex -0.999999999999994 3.0 -2.22073197015945
    vertex -0.105828541230242 0.0 -2.59110991546882
  endloop
endfacet
facet normal -0.38268343236509 -0.0 -0.923879532511287
  outer loop
    vertex -0.105828541230242 0.0 -2.59110991546882
    vertex -0.999999999999994 3.0 -2.22073197015945
    vertex -0.105828541230248 11.0 -2.59110991546882
  endloop
endfacet
facet normal -0.130526192220051 -0.0 -0.991444861373811
  outer loop
    vertex 2.0 11.0 -2.8683475024126
    vertex -0.105828541230242 0.0 -2.59110991546882
    vertex -0.105828541230248 11.0 -2.59110991546882
  endloop
endfacet
facet normal -0.130526192220051 -0.0 -0.991444861373811
  outer loop
    vertex -0.105828541230242 0.0 -2.59110991546882
    vertex 2.0 11.0 -2.8683475024126
    vertex 2.00000000000001 0.0 -2.8683475024126
  endloop
endfacet
facet normal 1.0 0.0 3.88932375589679e-017
  outer loop
    vertex 2.00000000000001 0.0 -2.8683475024126
    vertex 2.0 5.86713913821381 0.849389156760312
    vertex 2.00000000000001 0.0 6.19481700746014
  endloop
endfacet
facet normal 1.0 0.0 3.88932375589679e-017
  outer loop
    vertex 2.0 5.86713913821381 0.849389156760312
    vertex 2.00000000000001 0.0 -2.8683475024126
    vertex 2.0 6.19817460702077 0.59468287927244
  endloop
endfacet
facet normal 1.0 0.0 3.88932375589679e-017
  outer loop
    vertex 2.0 6.19817460702077 0.59468287927244
    vertex 2.00000000000001 0.0 -2.8683475024126
    vertex 2.0 11.0 -2.8683475024126
  endloop
endfacet
facet normal 1.0 0.0 3.88932375589679e-017
  outer loop
    vertex 2.00000000000001 0.0 6.19481700746014
    vertex 2.0 5.86713913821381 0.849389156760312
    vertex 2.0 5.61330626499649 1.18109481223548
  endloop
endfacet
facet normal 1.0 0.0 3.88932375589679e-017
  outer loop
    vertex 2.00000000000001 0.0 6.19481700746014
    vertex 2.0 5.61330626499649 1.18109481223548
    vertex 2.0 5.45397427819991 1.56719465344682
  endloop
endfacet
facet normal 1.0 0.0 3.88932375589679e-017
  outer loop
    vertex 2.00000000000001 0.0 6.19481700746014
    vertex 2.0 5.45397427819991 1.56719465344682
    vertex 2.0 5.4000013894157 1.98137661427595
  endloop
endfacet
facet normal 1.0 0.0 3.88932375589679e-017
  outer loop
    vertex 2.0 6.19817460702077 0.59468287927244
    vertex 2.0 11.0 -2.8683475024126
    vertex 2.0 6.58385315128014 0.434333791660637
  endloop
endfacet
facet normal 1.0 0.0 3.88932375589679e-017
  outer loop
    vertex 2.0 6.58385315128014 0.434333791660637
    vertex 2.0 11.0 -2.8683475024126
    vertex 2.0 6.9978914155646 0.37926941925625
  endloop
endfacet
facet normal 1.0 0.0 3.88932375589679e-017
  outer loop
    vertex 2.0 6.9978914155646 0.37926941925625
    vertex 2.0 11.0 -2.8683475024126
    vertex 2.0 7.41207337639372 0.433242308040461
  endloop
endfacet
facet normal 1.0 0.0 3.88932375589679e-017
  outer loop
    vertex 2.0 7.41207337639372 0.433242308040461
    vertex 2.0 11.0 -2.8683475024126
    vertex 2.0 7.79817321760506 0.592574294837041
  endloop
endfacet
facet normal 1.0 0.0 3.88932375589679e-017
  outer loop
    vertex 2.0 7.79817321760506 0.592574294837041
    vertex 2.0 11.0 -2.8683475024126
    vertex 2.0 8.12987887308023 0.846407168054361
  endloop
endfacet
facet normal 1.0 0.0 3.88932375589679e-017
  outer loop
    vertex 2.0 8.12987887308023 0.846407168054361
    vertex 2.0 11.0 -2.8683475024126
    vertex 2.0 8.3845851505681 1.17744263686132
  endloop
endfacet
facet normal 1.0 0.0 3.88932375589679e-017
  outer loop
    vertex 2.0 8.3845851505681 1.17744263686132
    vertex 2.0 11.0 -2.8683475024126
    vertex 2.0 8.5449342381799 1.5631211811207
  endloop
endfacet
facet normal 1.0 0.0 3.88932375589679e-017
  outer loop
    vertex 2.0 8.5449342381799 1.5631211811207
    vertex 2.0 11.0 -2.8683475024126
    vertex 2.0 8.59999861058429 1.97715944540515
  endloop
endfacet
facet normal 1.0 0.0 3.88932375589679e-017
  outer loop
    vertex 2.00000000000001 0.0 6.19481700746014
    vertex 2.0 6.20182678239493 3.36596176484405
    vertex 2.0 11.0 6.19481700746014
  endloop
endfacet
facet normal 1.0 0.0 3.88932375589679e-017
  outer loop
    vertex 2.0 6.20182678239493 3.36596176484405
    vertex 2.00000000000001 0.0 6.19481700746014
    vertex 2.0 5.87012112691976 3.11212889162673
  endloop
endfacet
facet normal 1.0 0.0 3.88932375589679e-017
  outer loop
    vertex 2.0 5.87012112691976 3.11212889162673
    vertex 2.00000000000001 0.0 6.19481700746014
    vertex 2.0 5.61541484943189 2.78109342281978
  endloop
endfacet
facet normal 1.0 0.0 3.88932375589679e-017
  outer loop
    vertex 2.0 5.61541484943189 2.78109342281978
    vertex 2.00000000000001 0.0 6.19481700746014
    vertex 2.0 5.45506576182008 2.3954148785604
  endloop
endfacet
facet normal 1.0 0.0 3.88932375589679e-017
  outer loop
    vertex 2.0 5.45506576182008 2.3954148785604
    vertex 2.00000000000001 0.0 6.19481700746014
    vertex 2.0 5.4000013894157 1.98137661427595
  endloop
endfacet
facet normal 1.0 0.0 3.88932375589679e-017
  outer loop
    vertex 2.0 11.0 6.19481700746014
    vertex 2.0 6.20182678239493 3.36596176484405
    vertex 2.0 6.58792662360627 3.52529375164063
  endloop
endfacet
facet normal 1.0 0.0 3.88932375589679e-017
  outer loop
    vertex 2.0 11.0 6.19481700746014
    vertex 2.0 6.58792662360627 3.52529375164063
    vertex 2.0 7.00210858443539 3.57926664042484
  endloop
endfacet
facet normal 1.0 0.0 3.88932375589679e-017
  outer loop
    vertex 2.0 11.0 6.19481700746014
    vertex 2.0 7.00210858443539 3.57926664042484
    vertex 2.0 7.41614684871985 3.52420226802046
  endloop
endfacet
facet normal 1.0 0.0 3.88932375589679e-017
  outer loop
    vertex 2.0 11.0 6.19481700746014
    vertex 2.0 7.41614684871985 3.52420226802046
    vertex 2.0 7.80182539297922 3.36385318040865
  endloop
endfacet
facet normal 1.0 0.0 3.88932375589679e-017
  outer loop
    vertex 2.0 11.0 6.19481700746014
    vertex 2.0 7.80182539297922 3.36385318040865
    vertex 2.0 8.13286086178618 3.10914690292078
  endloop
endfacet
facet normal 1.0 0.0 3.88932375589679e-017
  outer loop
    vertex 2.0 11.0 6.19481700746014
    vertex 2.0 8.13286086178618 3.10914690292078
    vertex 2.0 8.3866937350035 2.77744124744562
  endloop
endfacet
facet normal 1.0 0.0 3.88932375589679e-017
  outer loop
    vertex 2.0 11.0 6.19481700746014
    vertex 2.0 8.3866937350035 2.77744124744562
    vertex 2.0 8.54602572180008 2.39134140623427
  endloop
endfacet
facet normal 1.0 0.0 3.88932375589679e-017
  outer loop
    vertex 2.0 11.0 6.19481700746014
    vertex 2.0 8.54602572180008 2.39134140623427
    vertex 2.0 8.59999861058429 1.97715944540515
  endloop
endfacet
facet normal 1.0 0.0 3.88932375589679e-017
  outer loop
    vertex 2.0 11.0 6.19481700746014
    vertex 2.0 8.59999861058429 1.97715944540515
    vertex 2.0 11.0 -2.8683475024126
  endloop
endfacet
facet normal 0.923879532511287 0.0 0.38268343236509
  outer loop
    vertex 0.401923788646684 11.0 7.5
    vertex 0.102222521132801 0.0 8.22354286469244
    vertex 0.40192378864669 0.0 7.5
  endloop
endfacet
facet normal 0.923879532511287 0.0 0.38268343236509
  outer loop
    vertex 0.102222521132801 0.0 8.22354286469244
    vertex 0.401923788646684 11.0 7.5
    vertex 0.102222521132795 11.0 8.22354286469244
  endloop
endfacet
facet normal 0.608761429008721 0.0 0.793353340291235
  outer loop
    vertex 0.878679656440363 0.0 6.87867965644036
    vertex 1.5 11.0 6.40192378864668
    vertex 0.878679656440357 11.0 6.87867965644036
  endloop
endfacet
facet normal 0.608761429008721 0.0 0.793353340291235
  outer loop
    vertex 1.5 11.0 6.40192378864668
    vertex 0.878679656440363 0.0 6.87867965644036
    vertex 1.50000000000001 0.0 6.40192378864668
  endloop
endfacet
facet normal 0.99144486137381 0.0 0.130526192220052
  outer loop
    vertex 0.102222521132795 11.0 8.22354286469244
    vertex 5.63993296509579e-015 0.0 9.0
    vertex 0.102222521132801 0.0 8.22354286469244
  endloop
endfacet
facet normal 0.99144486137381 0.0 0.130526192220052
  outer loop
    vertex 5.63993296509579e-015 0.0 9.0
    vertex 0.102222521132795 11.0 8.22354286469244
    vertex -3.67318665452656e-016 11.0 9.0
  endloop
endfacet
facet normal 0.923879532511287 0.0 -0.38268343236509
  outer loop
    vertex 0.102222521132795 11.0 9.77645713530756
    vertex 0.401923788646689 0.0 10.5
    vertex 0.102222521132801 0.0 9.77645713530756
  endloop
endfacet
facet normal 0.923879532511287 0.0 -0.38268343236509
  outer loop
    vertex 0.401923788646689 0.0 10.5
    vertex 0.102222521132795 11.0 9.77645713530756
    vertex 0.401923788646683 11.0 10.5
  endloop
endfacet
facet normal 0.793353340291236 0.0 -0.608761429008719
  outer loop
    vertex 0.401923788646683 11.0 10.5
    vertex 0.878679656440362 0.0 11.1213203435596
    vertex 0.401923788646689 0.0 10.5
  endloop
endfacet
facet normal 0.793353340291236 0.0 -0.608761429008719
  outer loop
    vertex 0.878679656440362 0.0 11.1213203435596
    vertex 0.401923788646683 11.0 10.5
    vertex 0.878679656440356 11.0 11.1213203435596
  endloop
endfacet
facet normal 0.793353340291235 0.0 0.608761429008722
  outer loop
    vertex 0.878679656440357 11.0 6.87867965644036
    vertex 0.40192378864669 0.0 7.5
    vertex 0.878679656440363 0.0 6.87867965644036
  endloop
endfacet
facet normal 0.793353340291235 0.0 0.608761429008722
  outer loop
    vertex 0.40192378864669 0.0 7.5
    vertex 0.878679656440357 11.0 6.87867965644036
    vertex 0.401923788646684 11.0 7.5
  endloop
endfacet
facet normal 0.991444861373811 0.0 -0.130526192220051
  outer loop
    vertex -3.67318665452656e-016 11.0 9.0
    vertex 0.102222521132801 0.0 9.77645713530756
    vertex 5.63993296509579e-015 0.0 9.0
  endloop
endfacet
facet normal 0.991444861373811 0.0 -0.130526192220051
  outer loop
    vertex 0.102222521132801 0.0 9.77645713530756
    vertex -3.67318665452656e-016 11.0 9.0
    vertex 0.102222521132795 11.0 9.77645713530756
  endloop
endfacet
facet normal 0.60876142900872 0.0 -0.793353340291236
  outer loop
    vertex 1.5 11.0 11.5980762113533
    vertex 0.878679656440362 0.0 11.1213203435596
    vertex 0.878679656440356 11.0 11.1213203435596
  endloop
endfacet
facet normal 0.60876142900872 0.0 -0.793353340291236
  outer loop
    vertex 0.878679656440362 0.0 11.1213203435596
    vertex 1.5 11.0 11.5980762113533
    vertex 1.5 0.0 11.5980762113533
  endloop
endfacet
facet normal 0.38268343236509 0.0 0.923879532511287
  outer loop
    vertex 1.50000000000001 0.0 6.40192378864668
    vertex 2.0 11.0 6.19481700746014
    vertex 1.5 11.0 6.40192378864668
  endloop
endfacet
facet normal 0.38268343236509 0.0 0.923879532511287
  outer loop
    vertex 2.0 11.0 6.19481700746014
    vertex 1.50000000000001 0.0 6.40192378864668
    vertex 2.00000000000001 0.0 6.19481700746014
  endloop
endfacet
facet normal -7.50906453818557e-016 1.0 -3.27199184701308e-017
  outer loop
    vertex -0.105828541230248 11.0 -2.59110991546882
    vertex 2.0 11.0 6.19481700746014
    vertex 2.0 11.0 -2.8683475024126
  endloop
endfacet
facet normal -7.50906453818557e-016 1.0 -3.27199184701308e-017
  outer loop
    vertex 2.0 11.0 6.19481700746014
    vertex -0.105828541230248 11.0 -2.59110991546882
    vertex -1.0 11.0 -2.22073197015945
  endloop
endfacet
facet normal -7.50906453818557e-016 1.0 -3.27199184701308e-017
  outer loop
    vertex 2.0 11.0 6.19481700746014
    vertex -1.0 11.0 -2.22073197015945
    vertex 1.5 11.0 6.40192378864668
  endloop
endfacet
facet normal -7.50906453818557e-016 1.0 -3.27199184701308e-017
  outer loop
    vertex 1.5 11.0 6.40192378864668
    vertex -1.0 11.0 -2.22073197015945
    vertex -1.0 11.0 7.5
  endloop
endfacet
facet normal -7.50906453818557e-016 1.0 -3.27199184701308e-017
  outer loop
    vertex 1.5 11.0 6.40192378864668
    vertex -1.0 11.0 7.5
    vertex 0.878679656440357 11.0 6.87867965644036
  endloop
endfacet
facet normal -7.50906453818557e-016 1.0 -3.27199184701308e-017
  outer loop
    vertex 0.878679656440357 11.0 6.87867965644036
    vertex -1.0 11.0 7.5
    vertex 0.401923788646684 11.0 7.5
  endloop
endfacet
facet normal -7.50906453818557e-016 1.0 -3.27199184701308e-017
  outer loop
    vertex 0.401923788646684 11.0 7.5
    vertex -1.0 11.0 7.5
    vertex 0.102222521132795 11.0 8.22354286469244
  endloop
endfacet
facet normal -7.50906453818557e-016 1.0 -3.27199184701308e-017
  outer loop
    vertex 0.102222521132795 11.0 8.22354286469244
    vertex -1.0 11.0 7.5
    vertex -1.0 11.0 10.5
  endloop
endfacet
facet normal -7.50906453818557e-016 1.0 -3.27199184701308e-017
  outer loop
    vertex 0.102222521132795 11.0 8.22354286469244
    vertex -1.0 11.0 10.5
    vertex -3.67318665452656e-016 11.0 9.0
  endloop
endfacet
facet normal -7.50906453818557e-016 1.0 -3.27199184701308e-017
  outer loop
    vertex -3.67318665452656e-016 11.0 9.0
    vertex -1.0 11.0 10.5
    vertex 0.102222521132795 11.0 9.77645713530756
  endloop
endfacet
facet normal -7.50906453818557e-016 1.0 -3.27199184701308e-017
  outer loop
    vertex 0.102222521132795 11.0 9.77645713530756
    vertex -1.0 11.0 10.5
    vertex 0.401923788646683 11.0 10.5
  endloop
endfacet
facet normal -7.50906453818557e-016 1.0 -3.27199184701308e-017
  outer loop
    vertex 0.401923788646683 11.0 10.5
    vertex -1.0 11.0 10.5
    vertex 0.878679656440356 11.0 11.1213203435596
  endloop
endfacet
facet normal -7.50906453818557e-016 1.0 -3.27199184701308e-017
  outer loop
    vertex 0.878679656440356 11.0 11.1213203435596
    vertex -1.0 11.0 10.5
    vertex -1.0 11.0 20.2207319701595
  endloop
endfacet
facet normal -7.50906453818557e-016 1.0 -3.27199184701308e-017
  outer loop
    vertex 0.878679656440356 11.0 11.1213203435596
    vertex -1.0 11.0 20.2207319701595
    vertex 1.5 11.0 11.5980762113533
  endloop
endfacet
facet normal -7.50906453818557e-016 1.0 -3.27199184701308e-017
  outer loop
    vertex 1.5 11.0 11.5980762113533
    vertex -1.0 11.0 20.2207319701595
    vertex 2.0 11.0 11.8051829925399
  endloop
endfacet
facet normal -7.50906453818557e-016 1.0 -3.27199184701308e-017
  outer loop
    vertex 2.0 11.0 11.8051829925399
    vertex -1.0 11.0 20.2207319701595
    vertex 2.0 11.0 20.8683475024126
  endloop
endfacet
facet normal -7.50906453818557e-016 1.0 -3.27199184701308e-017
  outer loop
    vertex 2.0 11.0 20.8683475024126
    vertex -1.0 11.0 20.2207319701595
    vertex -0.105828541230259 11.0 20.5911099154688
  endloop
endfacet
facet normal -0.00270495610402104 -1.77408047605655e-016 0.999996341599546
  outer loop
    vertex -0.999999999999995 2.99999999999999 10.5
    vertex -1.0 11.0 10.5
    vertex -8.80530084246344 3.0 10.4788869266024
  endloop
endfacet
facet normal -0.0 -0.130526192220049 -0.991444861373811
  outer loop
    vertex 7.00000000000001 7.0 14.4051829925399
    vertex 4.00000000000001 6.58588952783597 14.4597016704774
    vertex 4.00000000000001 7.0 14.4051829925399
  endloop
endfacet
facet normal -0.0 -0.130526192220049 -0.991444861373811
  outer loop
    vertex 4.00000000000001 6.58588952783597 14.4597016704774
    vertex 7.00000000000001 7.0 14.4051829925399
    vertex 7.00000000000001 6.58588952783597 14.4597016704774
  endloop
endfacet
facet normal -0.0 -0.382683432365093 -0.923879532511285
  outer loop
    vertex 7.00000000000001 6.58588952783597 14.4597016704774
    vertex 4.00000000000001 6.2 14.6195423464848
    vertex 4.00000000000001 6.58588952783597 14.4597016704774
  endloop
endfacet
facet normal -0.0 -0.382683432365093 -0.923879532511285
  outer loop
    vertex 4.00000000000001 6.2 14.6195423464848
    vertex 7.00000000000001 6.58588952783597 14.4597016704774
    vertex 7.00000000000001 6.2 14.6195423464848
  endloop
endfacet
facet normal -4.39277040087366e-016 0.794154916901542 0.607715367553845
  outer loop
    vertex -0.999999999999996 5.61330626499649 1.18109481223548
    vertex 2.0 5.86713913821381 0.849389156760312
    vertex -0.999999999999996 5.86713913821381 0.849389156760312
  endloop
endfacet
facet normal -4.39277040087366e-016 0.794154916901542 0.607715367553845
  outer loop
    vertex 2.0 5.86713913821381 0.849389156760312
    vertex -0.999999999999996 5.61330626499649 1.18109481223548
    vertex 2.0 5.61330626499649 1.18109481223548
  endloop
endfacet
facet normal -6.96950073275426e-016 0.923374405022599 -0.383900648800131
  outer loop
    vertex -0.999999999999996 5.61541484943189 2.78109342281977
    vertex 2.0 5.45506576182008 2.3954148785604
    vertex -0.999999999999996 5.45506576182009 2.3954148785604
  endloop
endfacet
facet normal -6.96950073275426e-016 0.923374405022599 -0.383900648800131
  outer loop
    vertex 2.0 5.45506576182008 2.3954148785604
    vertex -0.999999999999996 5.61541484943189 2.78109342281977
    vertex 2.0 5.61541484943189 2.78109342281978
  endloop
endfacet
facet normal 0.0 0.99144486137381 -0.130526192220052
  outer loop
    vertex 4.00000000000001 8.6 16.0051829925399
    vertex 7.00000000000001 8.54548132206251 15.5910725203758
    vertex 4.00000000000001 8.54548132206251 15.5910725203758
  endloop
endfacet
facet normal 0.0 0.99144486137381 -0.130526192220052
  outer loop
    vertex 7.00000000000001 8.54548132206251 15.5910725203758
    vertex 4.00000000000001 8.6 16.0051829925399
    vertex 7.00000000000001 8.6 16.0051829925399
  endloop
endfacet
facet normal -2.57673033188061e-016 0.129219488121056 -0.991616016353978
  outer loop
    vertex 2.0 7.00210858443539 3.57926664042484
    vertex -0.999999999999996 6.58792662360627 3.52529375164063
    vertex -0.999999999999996 7.0021085844354 3.57926664042484
  endloop
endfacet
facet normal -2.57673033188061e-016 0.129219488121056 -0.991616016353978
  outer loop
    vertex -0.999999999999996 6.58792662360627 3.52529375164063
    vertex 2.0 7.00210858443539 3.57926664042484
    vertex 2.0 6.58792662360627 3.52529375164063
  endloop
endfacet
facet normal 0.0 0.923879532511287 0.38268343236509
  outer loop
    vertex 4.00000000000001 8.3856406460551 16.8051829925399
    vertex 7.00000000000001 8.54548132206251 16.4192934647039
    vertex 4.00000000000001 8.54548132206251 16.4192934647039
  endloop
endfacet
facet normal 0.0 0.923879532511287 0.38268343236509
  outer loop
    vertex 7.00000000000001 8.54548132206251 16.4192934647039
    vertex 4.00000000000001 8.3856406460551 16.8051829925399
    vertex 7.00000000000001 8.3856406460551 16.8051829925399
  endloop
endfacet
facet normal 0.0 0.793353340291235 -0.608761429008721
  outer loop
    vertex 4.00000000000001 8.3856406460551 15.2051829925399
    vertex 7.00000000000001 8.13137084989848 14.8738121426414
    vertex 4.00000000000001 8.13137084989848 14.8738121426414
  endloop
endfacet
facet normal 0.0 0.793353340291235 -0.608761429008721
  outer loop
    vertex 7.00000000000001 8.13137084989848 14.8738121426414
    vertex 4.00000000000001 8.3856406460551 15.2051829925399
    vertex 7.00000000000001 8.3856406460551 15.2051829925399
  endloop
endfacet
facet normal -5.66957648319543e-016 0.924383055434061 0.381465551297085
  outer loop
    vertex -0.999999999999996 5.45397427819991 1.56719465344682
    vertex 2.0 5.61330626499649 1.18109481223548
    vertex -0.999999999999996 5.61330626499649 1.18109481223548
  endloop
endfacet
facet normal -5.66957648319543e-016 0.924383055434061 0.381465551297085
  outer loop
    vertex 2.0 5.61330626499649 1.18109481223548
    vertex -0.999999999999996 5.45397427819991 1.56719465344682
    vertex 2.0 5.45397427819991 1.56719465344682
  endloop
endfacet
facet normal -6.56001029760559e-016 0.991616016353977 0.129219488121058
  outer loop
    vertex -0.999999999999996 5.4000013894157 1.98137661427595
    vertex 2.0 5.45397427819991 1.56719465344682
    vertex -0.999999999999996 5.45397427819991 1.56719465344682
  endloop
endfacet
facet normal -6.56001029760559e-016 0.991616016353977 0.129219488121058
  outer loop
    vertex 2.0 5.45397427819991 1.56719465344682
    vertex -0.999999999999996 5.4000013894157 1.98137661427595
    vertex 2.0 5.4000013894157 1.98137661427595
  endloop
endfacet
facet normal -7.91074773856919e-017 -0.131832669625117 -0.991271984482319
  outer loop
    vertex 2.0 7.41614684871985 3.52420226802046
    vertex -0.999999999999996 7.0021085844354 3.57926664042484
    vertex -0.999999999999997 7.41614684871985 3.52420226802046
  endloop
endfacet
facet normal -7.91074773856919e-017 -0.131832669625117 -0.991271984482319
  outer loop
    vertex -0.999999999999996 7.0021085844354 3.57926664042484
    vertex 2.0 7.41614684871985 3.52420226802046
    vertex 2.0 7.00210858443539 3.57926664042484
  endloop
endfacet
facet normal -6.46065125705234e-016 0.792550385808943 -0.609806433185233
  outer loop
    vertex -0.999999999999996 5.87012112691976 3.11212889162673
    vertex 2.0 5.61541484943189 2.78109342281978
    vertex -0.999999999999996 5.61541484943189 2.78109342281977
  endloop
endfacet
facet normal -6.46065125705234e-016 0.792550385808943 -0.609806433185233
  outer loop
    vertex 2.0 5.61541484943189 2.78109342281978
    vertex -0.999999999999996 5.87012112691976 3.11212889162673
    vertex 2.0 5.87012112691976 3.11212889162673
  endloop
endfacet
facet normal -5.51151907491332e-016 0.607715367553846 -0.794154916901541
  outer loop
    vertex 2.0 6.20182678239493 3.36596176484405
    vertex -0.999999999999996 5.87012112691976 3.11212889162673
    vertex -0.999999999999996 6.20182678239493 3.36596176484405
  endloop
endfacet
facet normal -5.51151907491332e-016 0.607715367553846 -0.794154916901541
  outer loop
    vertex -0.999999999999996 5.87012112691976 3.11212889162673
    vertex 2.0 6.20182678239493 3.36596176484405
    vertex 2.0 5.87012112691976 3.11212889162673
  endloop
endfacet
facet normal 0.0 0.60876142900872 -0.793353340291236
  outer loop
    vertex 7.00000000000001 8.13137084989848 14.8738121426414
    vertex 4.00000000000001 7.8 14.6195423464848
    vertex 4.00000000000001 8.13137084989848 14.8738121426414
  endloop
endfacet
facet normal 0.0 0.60876142900872 -0.793353340291236
  outer loop
    vertex 4.00000000000001 7.8 14.6195423464848
    vertex 7.00000000000001 8.13137084989848 14.8738121426414
    vertex 7.00000000000001 7.8 14.6195423464848
  endloop
endfacet
facet normal 0.0 0.382683432365092 -0.923879532511286
  outer loop
    vertex 7.00000000000001 7.8 14.6195423464848
    vertex 4.00000000000001 7.41411047216403 14.4597016704774
    vertex 4.00000000000001 7.8 14.6195423464848
  endloop
endfacet
facet normal 0.0 0.382683432365092 -0.923879532511286
  outer loop
    vertex 4.00000000000001 7.41411047216403 14.4597016704774
    vertex 7.00000000000001 7.8 14.6195423464848
    vertex 7.00000000000001 7.41411047216403 14.4597016704774
  endloop
endfacet
facet normal 1.04849122269229e-016 -0.383900648800133 -0.923374405022598
  outer loop
    vertex 2.0 7.80182539297922 3.36385318040865
    vertex -0.999999999999997 7.41614684871985 3.52420226802046
    vertex -0.999999999999997 7.80182539297923 3.36385318040865
  endloop
endfacet
facet normal 1.04849122269229e-016 -0.383900648800133 -0.923374405022598
  outer loop
    vertex -0.999999999999997 7.41614684871985 3.52420226802046
    vertex 2.0 7.80182539297922 3.36385318040865
    vertex 2.0 7.41614684871985 3.52420226802046
  endloop
endfacet
facet normal 2.81660427512865e-016 -0.609806433185234 -0.792550385808942
  outer loop
    vertex 2.0 8.13286086178618 3.10914690292078
    vertex -0.999999999999997 7.80182539297923 3.36385318040865
    vertex -0.999999999999997 8.13286086178618 3.10914690292078
  endloop
endfacet
facet normal 2.81660427512865e-016 -0.609806433185234 -0.792550385808942
  outer loop
    vertex -0.999999999999997 7.80182539297923 3.36385318040865
    vertex 2.0 8.13286086178618 3.10914690292078
    vertex 2.0 7.80182539297922 3.36385318040865
  endloop
endfacet
facet normal 0.0 0.99144486137381 0.130526192220053
  outer loop
    vertex 4.00000000000001 8.54548132206251 16.4192934647039
    vertex 7.00000000000001 8.6 16.0051829925399
    vertex 4.00000000000001 8.6 16.0051829925399
  endloop
endfacet
facet normal 0.0 0.99144486137381 0.130526192220053
  outer loop
    vertex 7.00000000000001 8.6 16.0051829925399
    vertex 4.00000000000001 8.54548132206251 16.4192934647039
    vertex 7.00000000000001 8.54548132206251 16.4192934647039
  endloop
endfacet
facet normal 0.0 0.923879532511287 -0.38268343236509
  outer loop
    vertex 4.00000000000001 8.54548132206251 15.5910725203758
    vertex 7.00000000000001 8.3856406460551 15.2051829925399
    vertex 4.00000000000001 8.3856406460551 15.2051829925399
  endloop
endfacet
facet normal 0.0 0.923879532511287 -0.38268343236509
  outer loop
    vertex 7.00000000000001 8.3856406460551 15.2051829925399
    vertex 4.00000000000001 8.54548132206251 15.5910725203758
    vertex 7.00000000000001 8.54548132206251 15.5910725203758
  endloop
endfacet
facet normal 0.0 0.130526192220049 -0.991444861373811
  outer loop
    vertex 7.00000000000001 7.41411047216403 14.4597016704774
    vertex 4.00000000000001 7.0 14.4051829925399
    vertex 4.00000000000001 7.41411047216403 14.4597016704774
  endloop
endfacet
facet normal 0.0 0.130526192220049 -0.991444861373811
  outer loop
    vertex 4.00000000000001 7.0 14.4051829925399
    vertex 7.00000000000001 7.41411047216403 14.4597016704774
    vertex 7.00000000000001 7.0 14.4051829925399
  endloop
endfacet
facet normal -2.81660427512864e-016 0.609806433185233 0.792550385808943
  outer loop
    vertex -0.999999999999996 5.86713913821381 0.849389156760312
    vertex 2.0 6.19817460702077 0.59468287927244
    vertex -0.999999999999996 6.19817460702077 0.59468287927244
  endloop
endfacet
facet normal -2.81660427512864e-016 0.609806433185233 0.792550385808943
  outer loop
    vertex 2.0 6.19817460702077 0.59468287927244
    vertex -0.999999999999996 5.86713913821381 0.849389156760312
    vertex 2.0 5.86713913821381 0.849389156760312
  endloop
endfacet
facet normal -4.18678597603487e-016 0.381465551297085 -0.924383055434061
  outer loop
    vertex 2.0 6.58792662360627 3.52529375164063
    vertex -0.999999999999996 6.20182678239493 3.36596176484405
    vertex -0.999999999999996 6.58792662360627 3.52529375164063
  endloop
endfacet
facet normal -4.18678597603487e-016 0.381465551297085 -0.924383055434061
  outer loop
    vertex -0.999999999999996 6.20182678239493 3.36596176484405
    vertex 2.0 6.58792662360627 3.52529375164063
    vertex 2.0 6.20182678239493 3.36596176484405
  endloop
endfacet
facet normal -7.00339025116352e-016 0.991271984482319 -0.131832669625119
  outer loop
    vertex -0.999999999999996 5.45506576182009 2.3954148785604
    vertex 2.0 5.4000013894157 1.98137661427595
    vertex -0.999999999999996 5.4000013894157 1.98137661427595
  endloop
endfacet
facet normal -7.00339025116352e-016 0.991271984482319 -0.131832669625119
  outer loop
    vertex 2.0 5.4000013894157 1.98137661427595
    vertex -0.999999999999996 5.45506576182009 2.3954148785604
    vertex 2.0 5.45506576182008 2.3954148785604
  endloop
endfacet
facet normal -0.0 -0.793353340291237 0.608761429008719
  outer loop
    vertex 7.0 8.3856406460551 1.17926802984055
    vertex 4.00000000000001 8.13137084989847 0.847897179942071
    vertex 7.0 8.13137084989847 0.847897179942071
  endloop
endfacet
facet normal -0.0 -0.793353340291237 0.608761429008719
  outer loop
    vertex 4.00000000000001 8.13137084989847 0.847897179942071
    vertex 7.0 8.3856406460551 1.17926802984055
    vertex 4.00000000000001 8.3856406460551 1.17926802984055
  endloop
endfacet
facet normal 0.0 0.130526192220051 0.991444861373811
  outer loop
    vertex 7.0 6.58588952783596 0.433786707778037
    vertex 4.00000000000001 7.0 0.379268029840547
    vertex 4.00000000000001 6.58588952783596 0.433786707778037
  endloop
endfacet
facet normal 0.0 0.130526192220051 0.991444861373811
  outer loop
    vertex 4.00000000000001 7.0 0.379268029840547
    vertex 7.0 6.58588952783596 0.433786707778037
    vertex 7.0 7.0 0.379268029840547
  endloop
endfacet
facet normal -0.0 -0.99144486137381 0.130526192220052
  outer loop
    vertex 7.0 8.6 1.97926802984055
    vertex 4.00000000000001 8.54548132206251 1.56515755767651
    vertex 7.0 8.54548132206251 1.56515755767651
  endloop
endfacet
facet normal -0.0 -0.99144486137381 0.130526192220052
  outer loop
    vertex 4.00000000000001 8.54548132206251 1.56515755767651
    vertex 7.0 8.6 1.97926802984055
    vertex 4.00000000000001 8.6 1.97926802984055
  endloop
endfacet
facet normal -0.0 -0.38268343236509 0.923879532511287
  outer loop
    vertex 7.0 7.41411047216403 0.433786707778038
    vertex 4.00000000000001 7.8 0.593627383785445
    vertex 4.00000000000001 7.41411047216403 0.433786707778038
  endloop
endfacet
facet normal -0.0 -0.38268343236509 0.923879532511287
  outer loop
    vertex 4.00000000000001 7.8 0.593627383785445
    vertex 7.0 7.41411047216403 0.433786707778038
    vertex 7.0 7.8 0.593627383785445
  endloop
endfacet
facet normal -0.0 -0.923879532511287 -0.38268343236509
  outer loop
    vertex 7.0 8.3856406460551 2.77926802984055
    vertex 4.00000000000001 8.54548132206251 2.39337850200458
    vertex 7.0 8.54548132206251 2.39337850200458
  endloop
endfacet
facet normal -0.0 -0.923879532511287 -0.38268343236509
  outer loop
    vertex 4.00000000000001 8.54548132206251 2.39337850200458
    vertex 7.0 8.3856406460551 2.77926802984055
    vertex 4.00000000000001 8.3856406460551 2.77926802984055
  endloop
endfacet
facet normal 0.0 -0.608761429008717 0.793353340291238
  outer loop
    vertex 7.00000000000001 5.86862915010152 17.1365538424383
    vertex 4.00000000000001 6.2 17.390823638595
    vertex 4.00000000000001 5.86862915010152 17.1365538424383
  endloop
endfacet
facet normal 0.0 -0.608761429008717 0.793353340291238
  outer loop
    vertex 4.00000000000001 6.2 17.390823638595
    vertex 7.00000000000001 5.86862915010152 17.1365538424383
    vertex 7.00000000000001 6.2 17.390823638595
  endloop
endfacet
facet normal -0.0 -0.923879532511287 0.382683432365089
  outer loop
    vertex 7.0 8.54548132206251 1.56515755767651
    vertex 4.00000000000001 8.3856406460551 1.17926802984055
    vertex 7.0 8.3856406460551 1.17926802984055
  endloop
endfacet
facet normal -0.0 -0.923879532511287 0.382683432365089
  outer loop
    vertex 4.00000000000001 8.3856406460551 1.17926802984055
    vertex 7.0 8.54548132206251 1.56515755767651
    vertex 4.00000000000001 8.54548132206251 1.56515755767651
  endloop
endfacet
facet normal -0.0 -0.38268343236509 -0.923879532511287
  outer loop
    vertex 7.0 7.8 3.36490867589565
    vertex 4.00000000000001 7.41411047216403 3.52474935190306
    vertex 4.00000000000001 7.8 3.36490867589565
  endloop
endfacet
facet normal -0.0 -0.38268343236509 -0.923879532511287
  outer loop
    vertex 4.00000000000001 7.41411047216403 3.52474935190306
    vertex 7.0 7.8 3.36490867589565
    vertex 7.0 7.41411047216403 3.52474935190306
  endloop
endfacet
facet normal 4.39277040087366e-016 -0.794154916901542 -0.607715367553845
  outer loop
    vertex 2.0 8.3866937350035 2.77744124744562
    vertex -0.999999999999997 8.13286086178618 3.10914690292078
    vertex -0.999999999999998 8.3866937350035 2.77744124744561
  endloop
endfacet
facet normal 4.39277040087366e-016 -0.794154916901542 -0.607715367553845
  outer loop
    vertex -0.999999999999997 8.13286086178618 3.10914690292078
    vertex 2.0 8.3866937350035 2.77744124744562
    vertex 2.0 8.13286086178618 3.10914690292078
  endloop
endfacet
facet normal 0.0 -0.923879532511287 0.38268343236509
  outer loop
    vertex 7.00000000000001 5.6143593539449 16.8051829925399
    vertex 4.00000000000001 5.45451867793749 16.4192934647039
    vertex 7.00000000000001 5.45451867793749 16.4192934647039
  endloop
endfacet
facet normal 0.0 -0.923879532511287 0.38268343236509
  outer loop
    vertex 4.00000000000001 5.45451867793749 16.4192934647039
    vertex 7.00000000000001 5.6143593539449 16.8051829925399
    vertex 4.00000000000001 5.6143593539449 16.8051829925399
  endloop
endfacet
facet normal 0.0 -0.99144486137381 0.130526192220052
  outer loop
    vertex 7.00000000000001 5.45451867793749 16.4192934647039
    vertex 4.00000000000001 5.4 16.0051829925399
    vertex 7.00000000000001 5.4 16.0051829925399
  endloop
endfacet
facet normal 0.0 -0.99144486137381 0.130526192220052
  outer loop
    vertex 4.00000000000001 5.4 16.0051829925399
    vertex 7.00000000000001 5.45451867793749 16.4192934647039
    vertex 4.00000000000001 5.45451867793749 16.4192934647039
  endloop
endfacet
facet normal -0.0 -0.608761429008719 0.793353340291236
  outer loop
    vertex 7.0 7.8 0.593627383785445
    vertex 4.00000000000001 8.13137084989847 0.847897179942071
    vertex 4.00000000000001 7.8 0.593627383785445
  endloop
endfacet
facet normal -0.0 -0.608761429008719 0.793353340291236
  outer loop
    vertex 4.00000000000001 8.13137084989847 0.847897179942071
    vertex 7.0 7.8 0.593627383785445
    vertex 7.0 8.13137084989847 0.847897179942071
  endloop
endfacet
facet normal -0.0 -0.99144486137381 -0.130526192220052
  outer loop
    vertex 7.0 8.54548132206251 2.39337850200458
    vertex 4.00000000000001 8.6 1.97926802984055
    vertex 7.0 8.6 1.97926802984055
  endloop
endfacet
facet normal -0.0 -0.99144486137381 -0.130526192220052
  outer loop
    vertex 4.00000000000001 8.6 1.97926802984055
    vertex 7.0 8.54548132206251 2.39337850200458
    vertex 4.00000000000001 8.54548132206251 2.39337850200458
  endloop
endfacet
facet normal 0.0 -0.382683432365092 0.923879532511286
  outer loop
    vertex 7.00000000000001 6.2 17.390823638595
    vertex 4.00000000000001 6.58588952783597 17.5506643146024
    vertex 4.00000000000001 6.2 17.390823638595
  endloop
endfacet
facet normal 0.0 -0.382683432365092 0.923879532511286
  outer loop
    vertex 4.00000000000001 6.58588952783597 17.5506643146024
    vertex 7.00000000000001 6.2 17.390823638595
    vertex 7.00000000000001 6.58588952783597 17.5506643146024
  endloop
endfacet
facet normal 5.66957648319543e-016 -0.924383055434061 -0.381465551297087
  outer loop
    vertex 2.0 8.54602572180008 2.39134140623427
    vertex -0.999999999999998 8.3866937350035 2.77744124744561
    vertex -0.999999999999998 8.54602572180008 2.39134140623427
  endloop
endfacet
facet normal 5.66957648319543e-016 -0.924383055434061 -0.381465551297087
  outer loop
    vertex -0.999999999999998 8.3866937350035 2.77744124744561
    vertex 2.0 8.54602572180008 2.39134140623427
    vertex 2.0 8.3866937350035 2.77744124744562
  endloop
endfacet
facet normal -0.0 -0.130526192220052 0.99144486137381
  outer loop
    vertex 7.0 7.0 0.379268029840547
    vertex 4.00000000000001 7.41411047216403 0.433786707778038
    vertex 4.00000000000001 7.0 0.379268029840547
  endloop
endfacet
facet normal -0.0 -0.130526192220052 0.99144486137381
  outer loop
    vertex 4.00000000000001 7.41411047216403 0.433786707778038
    vertex 7.0 7.0 0.379268029840547
    vertex 7.0 7.41411047216403 0.433786707778038
  endloop
endfacet
facet normal -0.0 -0.793353340291237 -0.608761429008719
  outer loop
    vertex 7.0 8.13137084989847 3.11063887973902
    vertex 4.00000000000001 8.3856406460551 2.77926802984055
    vertex 7.0 8.3856406460551 2.77926802984055
  endloop
endfacet
facet normal -0.0 -0.793353340291237 -0.608761429008719
  outer loop
    vertex 4.00000000000001 8.3856406460551 2.77926802984055
    vertex 7.0 8.13137084989847 3.11063887973902
    vertex 4.00000000000001 8.13137084989847 3.11063887973902
  endloop
endfacet
facet normal -0.0 0.130526192220052 -0.99144486137381
  outer loop
    vertex 7.0 7.0 3.57926802984055
    vertex 4.00000000000001 6.58588952783596 3.52474935190306
    vertex 4.00000000000001 7.0 3.57926802984055
  endloop
endfacet
facet normal -0.0 0.130526192220052 -0.99144486137381
  outer loop
    vertex 4.00000000000001 6.58588952783596 3.52474935190306
    vertex 7.0 7.0 3.57926802984055
    vertex 7.0 6.58588952783596 3.52474935190306
  endloop
endfacet
facet normal -0.0 -0.130526192220052 -0.99144486137381
  outer loop
    vertex 7.0 7.41411047216403 3.52474935190306
    vertex 4.00000000000001 7.0 3.57926802984055
    vertex 4.00000000000001 7.41411047216403 3.52474935190306
  endloop
endfacet
facet normal -0.0 -0.130526192220052 -0.99144486137381
  outer loop
    vertex 4.00000000000001 7.0 3.57926802984055
    vertex 7.0 7.41411047216403 3.52474935190306
    vertex 7.0 7.0 3.57926802984055
  endloop
endfacet
facet normal -0.0 -0.923879532511288 -0.382683432365088
  outer loop
    vertex 7.00000000000001 5.45451867793749 15.5910725203758
    vertex 4.00000000000001 5.6143593539449 15.2051829925399
    vertex 7.00000000000001 5.6143593539449 15.2051829925399
  endloop
endfacet
facet normal -0.0 -0.923879532511288 -0.382683432365088
  outer loop
    vertex 4.00000000000001 5.6143593539449 15.2051829925399
    vertex 7.00000000000001 5.45451867793749 15.5910725203758
    vertex 4.00000000000001 5.45451867793749 15.5910725203758
  endloop
endfacet
facet normal -0.0 -0.608761429008721 -0.793353340291235
  outer loop
    vertex 7.00000000000001 6.2 14.6195423464848
    vertex 4.00000000000001 5.86862915010152 14.8738121426414
    vertex 4.00000000000001 6.2 14.6195423464848
  endloop
endfacet
facet normal -0.0 -0.608761429008721 -0.793353340291235
  outer loop
    vertex 4.00000000000001 5.86862915010152 14.8738121426414
    vertex 7.00000000000001 6.2 14.6195423464848
    vertex 7.00000000000001 5.86862915010152 14.8738121426414
  endloop
endfacet
facet normal -0.0 -0.608761429008719 -0.793353340291237
  outer loop
    vertex 7.0 8.13137084989847 3.11063887973902
    vertex 4.00000000000001 7.8 3.36490867589565
    vertex 4.00000000000001 8.13137084989847 3.11063887973902
  endloop
endfacet
facet normal -0.0 -0.608761429008719 -0.793353340291237
  outer loop
    vertex 4.00000000000001 7.8 3.36490867589565
    vertex 7.0 8.13137084989847 3.11063887973902
    vertex 7.0 7.8 3.36490867589565
  endloop
endfacet
facet normal -0.0 0.38268343236509 -0.923879532511287
  outer loop
    vertex 7.0 6.58588952783596 3.52474935190306
    vertex 4.00000000000001 6.2 3.36490867589565
    vertex 4.00000000000001 6.58588952783596 3.52474935190306
  endloop
endfacet
facet normal -0.0 0.38268343236509 -0.923879532511287
  outer loop
    vertex 4.00000000000001 6.2 3.36490867589565
    vertex 7.0 6.58588952783596 3.52474935190306
    vertex 7.0 6.2 3.36490867589565
  endloop
endfacet
facet normal 0.0 -0.793353340291236 0.60876142900872
  outer loop
    vertex 7.00000000000001 5.86862915010152 17.1365538424383
    vertex 4.00000000000001 5.6143593539449 16.8051829925399
    vertex 7.00000000000001 5.6143593539449 16.8051829925399
  endloop
endfacet
facet normal 0.0 -0.793353340291236 0.60876142900872
  outer loop
    vertex 4.00000000000001 5.6143593539449 16.8051829925399
    vertex 7.00000000000001 5.86862915010152 17.1365538424383
    vertex 4.00000000000001 5.86862915010152 17.1365538424383
  endloop
endfacet
facet normal -0.0 0.608761429008721 -0.793353340291235
  outer loop
    vertex 7.0 6.2 3.36490867589565
    vertex 4.00000000000001 5.86862915010152 3.11063887973902
    vertex 4.00000000000001 6.2 3.36490867589565
  endloop
endfacet
facet normal -0.0 0.608761429008721 -0.793353340291235
  outer loop
    vertex 4.00000000000001 5.86862915010152 3.11063887973902
    vertex 7.0 6.2 3.36490867589565
    vertex 7.0 5.86862915010152 3.11063887973902
  endloop
endfacet
facet normal -0.0 0.793353340291236 -0.60876142900872
  outer loop
    vertex 4.00000000000001 5.86862915010152 3.11063887973902
    vertex 7.0 5.61435935394489 2.77926802984055
    vertex 4.00000000000001 5.61435935394489 2.77926802984055
  endloop
endfacet
facet normal -0.0 0.793353340291236 -0.60876142900872
  outer loop
    vertex 7.0 5.61435935394489 2.77926802984055
    vertex 4.00000000000001 5.86862915010152 3.11063887973902
    vertex 7.0 5.86862915010152 3.11063887973902
  endloop
endfacet
facet normal -0.0 0.923879532511287 -0.382683432365088
  outer loop
    vertex 4.00000000000001 5.61435935394489 2.77926802984055
    vertex 7.0 5.45451867793749 2.39337850200458
    vertex 4.00000000000001 5.45451867793749 2.39337850200458
  endloop
endfacet
facet normal -0.0 0.923879532511287 -0.382683432365088
  outer loop
    vertex 7.0 5.45451867793749 2.39337850200458
    vertex 4.00000000000001 5.61435935394489 2.77926802984055
    vertex 7.0 5.61435935394489 2.77926802984055
  endloop
endfacet
facet normal -0.0 0.991444861373811 -0.130526192220051
  outer loop
    vertex 4.00000000000001 5.45451867793749 2.39337850200458
    vertex 7.0 5.4 1.97926802984055
    vertex 4.00000000000001 5.4 1.97926802984055
  endloop
endfacet
facet normal -0.0 0.991444861373811 -0.130526192220051
  outer loop
    vertex 7.0 5.4 1.97926802984055
    vertex 4.00000000000001 5.45451867793749 2.39337850200458
    vertex 7.0 5.45451867793749 2.39337850200458
  endloop
endfacet
facet normal -0.0 -0.793353340291236 -0.60876142900872
  outer loop
    vertex 7.00000000000001 5.6143593539449 15.2051829925399
    vertex 4.00000000000001 5.86862915010152 14.8738121426414
    vertex 7.00000000000001 5.86862915010152 14.8738121426414
  endloop
endfacet
facet normal -0.0 -0.793353340291236 -0.60876142900872
  outer loop
    vertex 4.00000000000001 5.86862915010152 14.8738121426414
    vertex 7.00000000000001 5.6143593539449 15.2051829925399
    vertex 4.00000000000001 5.6143593539449 15.2051829925399
  endloop
endfacet
facet normal -0.0 -0.991444861373811 -0.130526192220051
  outer loop
    vertex 7.00000000000001 5.4 16.0051829925399
    vertex 4.00000000000001 5.45451867793749 15.5910725203758
    vertex 7.00000000000001 5.45451867793749 15.5910725203758
  endloop
endfacet
facet normal -0.0 -0.991444861373811 -0.130526192220051
  outer loop
    vertex 4.00000000000001 5.45451867793749 15.5910725203758
    vertex 7.00000000000001 5.4 16.0051829925399
    vertex 4.00000000000001 5.4 16.0051829925399
  endloop
endfacet
facet normal 0.0 -0.130526192220049 0.991444861373811
  outer loop
    vertex 7.00000000000001 6.58588952783597 17.5506643146024
    vertex 4.00000000000001 7.0 17.6051829925399
    vertex 4.00000000000001 6.58588952783597 17.5506643146024
  endloop
endfacet
facet normal 0.0 -0.130526192220049 0.991444861373811
  outer loop
    vertex 4.00000000000001 7.0 17.6051829925399
    vertex 7.00000000000001 6.58588952783597 17.5506643146024
    vertex 7.00000000000001 7.0 17.6051829925399
  endloop
endfacet
facet normal 0.0 0.793353340291237 0.608761429008718
  outer loop
    vertex 4.00000000000001 8.13137084989848 17.1365538424383
    vertex 7.00000000000001 8.3856406460551 16.8051829925399
    vertex 4.00000000000001 8.3856406460551 16.8051829925399
  endloop
endfacet
facet normal 0.0 0.793353340291237 0.608761429008718
  outer loop
    vertex 7.00000000000001 8.3856406460551 16.8051829925399
    vertex 4.00000000000001 8.13137084989848 17.1365538424383
    vertex 7.00000000000001 8.13137084989848 17.1365538424383
  endloop
endfacet
facet normal 0.0 0.99144486137381 0.130526192220052
  outer loop
    vertex 4.00000000000001 5.4 1.97926802984055
    vertex 7.0 5.45451867793749 1.56515755767651
    vertex 4.00000000000001 5.45451867793749 1.56515755767651
  endloop
endfacet
facet normal 0.0 0.99144486137381 0.130526192220052
  outer loop
    vertex 7.0 5.45451867793749 1.56515755767651
    vertex 4.00000000000001 5.4 1.97926802984055
    vertex 7.0 5.4 1.97926802984055
  endloop
endfacet
facet normal 0.0 0.382683432365092 0.923879532511286
  outer loop
    vertex 7.00000000000001 7.41411047216403 17.5506643146024
    vertex 4.00000000000001 7.8 17.390823638595
    vertex 4.00000000000001 7.41411047216403 17.5506643146024
  endloop
endfacet
facet normal 0.0 0.382683432365092 0.923879532511286
  outer loop
    vertex 4.00000000000001 7.8 17.390823638595
    vertex 7.00000000000001 7.41411047216403 17.5506643146024
    vertex 7.00000000000001 7.8 17.390823638595
  endloop
endfacet
facet normal 0.0 0.60876142900872 0.793353340291236
  outer loop
    vertex 7.00000000000001 7.8 17.390823638595
    vertex 4.00000000000001 8.13137084989848 17.1365538424383
    vertex 4.00000000000001 7.8 17.390823638595
  endloop
endfacet
facet normal 0.0 0.60876142900872 0.793353340291236
  outer loop
    vertex 4.00000000000001 8.13137084989848 17.1365538424383
    vertex 7.00000000000001 7.8 17.390823638595
    vertex 7.00000000000001 8.13137084989848 17.1365538424383
  endloop
endfacet
facet normal 0.0 0.923879532511287 0.38268343236509
  outer loop
    vertex 4.00000000000001 5.45451867793749 1.56515755767651
    vertex 7.0 5.6143593539449 1.17926802984055
    vertex 4.00000000000001 5.6143593539449 1.17926802984055
  endloop
endfacet
facet normal 0.0 0.923879532511287 0.38268343236509
  outer loop
    vertex 7.0 5.6143593539449 1.17926802984055
    vertex 4.00000000000001 5.45451867793749 1.56515755767651
    vertex 7.0 5.45451867793749 1.56515755767651
  endloop
endfacet
facet normal 0.0 0.130526192220049 0.991444861373811
  outer loop
    vertex 7.00000000000001 7.0 17.6051829925399
    vertex 4.00000000000001 7.41411047216403 17.5506643146024
    vertex 4.00000000000001 7.0 17.6051829925399
  endloop
endfacet
facet normal 0.0 0.130526192220049 0.991444861373811
  outer loop
    vertex 4.00000000000001 7.41411047216403 17.5506643146024
    vertex 7.00000000000001 7.0 17.6051829925399
    vertex 7.00000000000001 7.41411047216403 17.5506643146024
  endloop
endfacet
facet normal 0.0 0.608761429008721 0.793353340291235
  outer loop
    vertex 7.0 5.86862915010152 0.84789717994207
    vertex 4.00000000000001 6.2 0.593627383785445
    vertex 4.00000000000001 5.86862915010152 0.84789717994207
  endloop
endfacet
facet normal 0.0 0.608761429008721 0.793353340291235
  outer loop
    vertex 4.00000000000001 6.2 0.593627383785445
    vertex 7.0 5.86862915010152 0.84789717994207
    vertex 7.0 6.2 0.593627383785445
  endloop
endfacet
facet normal 7.00339025116352e-016 -0.991271984482319 0.13183266962512
  outer loop
    vertex 2.0 8.5449342381799 1.5631211811207
    vertex -0.999999999999998 8.59999861058429 1.97715944540515
    vertex -0.999999999999998 8.54493423817991 1.5631211811207
  endloop
endfacet
facet normal 7.00339025116352e-016 -0.991271984482319 0.13183266962512
  outer loop
    vertex -0.999999999999998 8.59999861058429 1.97715944540515
    vertex 2.0 8.5449342381799 1.5631211811207
    vertex 2.0 8.59999861058429 1.97715944540515
  endloop
endfacet
facet normal 5.51151907491331e-016 -0.607715367553846 0.794154916901542
  outer loop
    vertex -0.999999999999997 7.79817321760506 0.592574294837041
    vertex 2.0 8.12987887308023 0.846407168054361
    vertex -0.999999999999998 8.12987887308023 0.84640716805436
  endloop
endfacet
facet normal 5.51151907491331e-016 -0.607715367553846 0.794154916901542
  outer loop
    vertex 2.0 8.12987887308023 0.846407168054361
    vertex -0.999999999999997 7.79817321760506 0.592574294837041
    vertex 2.0 7.79817321760506 0.592574294837041
  endloop
endfacet
facet normal 0.0 0.793353340291235 0.608761429008721
  outer loop
    vertex 4.00000000000001 5.6143593539449 1.17926802984055
    vertex 7.0 5.86862915010152 0.84789717994207
    vertex 4.00000000000001 5.86862915010152 0.84789717994207
  endloop
endfacet
facet normal 0.0 0.793353340291235 0.608761429008721
  outer loop
    vertex 7.0 5.86862915010152 0.84789717994207
    vertex 4.00000000000001 5.6143593539449 1.17926802984055
    vertex 7.0 5.6143593539449 1.17926802984055
  endloop
endfacet
facet normal 6.46065125705234e-016 -0.792550385808941 0.609806433185235
  outer loop
    vertex 2.0 8.12987887308023 0.846407168054361
    vertex -0.999999999999998 8.38458515056811 1.17744263686132
    vertex -0.999999999999998 8.12987887308023 0.84640716805436
  endloop
endfacet
facet normal 6.46065125705234e-016 -0.792550385808941 0.609806433185235
  outer loop
    vertex -0.999999999999998 8.38458515056811 1.17744263686132
    vertex 2.0 8.12987887308023 0.846407168054361
    vertex 2.0 8.3845851505681 1.17744263686132
  endloop
endfacet
facet normal 4.18678597603487e-016 -0.381465551297085 0.924383055434062
  outer loop
    vertex -0.999999999999997 7.41207337639372 0.43324230804046
    vertex 2.0 7.79817321760506 0.592574294837041
    vertex -0.999999999999997 7.79817321760506 0.592574294837041
  endloop
endfacet
facet normal 4.18678597603487e-016 -0.381465551297085 0.924383055434062
  outer loop
    vertex 2.0 7.79817321760506 0.592574294837041
    vertex -0.999999999999997 7.41207337639372 0.43324230804046
    vertex 2.0 7.41207337639372 0.433242308040461
  endloop
endfacet
facet normal 2.57673033188061e-016 -0.129219488121057 0.991616016353978
  outer loop
    vertex -0.999999999999997 6.9978914155646 0.37926941925625
    vertex 2.0 7.41207337639372 0.433242308040461
    vertex -0.999999999999997 7.41207337639372 0.43324230804046
  endloop
endfacet
facet normal 2.57673033188061e-016 -0.129219488121057 0.991616016353978
  outer loop
    vertex 2.0 7.41207337639372 0.433242308040461
    vertex -0.999999999999997 6.9978914155646 0.37926941925625
    vertex 2.0 6.9978914155646 0.37926941925625
  endloop
endfacet
facet normal 6.96950073275427e-016 -0.923374405022599 0.38390064880013
  outer loop
    vertex 2.0 8.3845851505681 1.17744263686132
    vertex -0.999999999999998 8.54493423817991 1.5631211811207
    vertex -0.999999999999998 8.38458515056811 1.17744263686132
  endloop
endfacet
facet normal 6.96950073275427e-016 -0.923374405022599 0.38390064880013
  outer loop
    vertex -0.999999999999998 8.54493423817991 1.5631211811207
    vertex 2.0 8.3845851505681 1.17744263686132
    vertex 2.0 8.5449342381799 1.5631211811207
  endloop
endfacet
facet normal 0.0 -1.0 0.0
  outer loop
    vertex 6.10582854123026 0.0 -2.59110991546882
    vertex 4.00000000000001 0.0 6.19481700746014
    vertex 4.00000000000001 0.0 -2.8683475024126
  endloop
endfacet
facet normal 0.0 -1.0 0.0
  outer loop
    vertex 4.00000000000001 0.0 6.19481700746014
    vertex 6.10582854123026 0.0 -2.59110991546882
    vertex 9.00000000000001 0.0 -1.39230484541326
  endloop
endfacet
facet normal 0.0 -1.0 0.0
  outer loop
    vertex 4.00000000000001 0.0 6.19481700746014
    vertex 9.00000000000001 0.0 -1.39230484541326
    vertex 10.8144870012723 0.0 0.0
  endloop
endfacet
facet normal 0.0 -1.0 0.0
  outer loop
    vertex 4.00000000000001 0.0 6.19481700746014
    vertex 10.8144870012723 0.0 0.0
    vertex 73.3293714059227 0.0 0.306667563398386
  endloop
endfacet
facet normal 0.0 -1.0 0.0
  outer loop
    vertex 4.00000000000001 0.0 6.19481700746014
    vertex 73.3293714059227 0.0 0.306667563398386
    vertex 75.5 0.0 1.20577136594005
  endloop
endfacet
facet normal 0.0 -1.0 0.0
  outer loop
    vertex 4.00000000000001 0.0 6.19481700746014
    vertex 75.5 0.0 1.20577136594005
    vertex 77.3639610306789 0.0 2.63603896932107
  endloop
endfacet
facet normal 0.0 -1.0 0.0
  outer loop
    vertex 4.00000000000001 0.0 6.19481700746014
    vertex 77.3639610306789 0.0 2.63603896932107
    vertex 78.7942286340599 0.0 4.5
  endloop
endfacet
facet normal 0.0 -1.0 0.0
  outer loop
    vertex 4.00000000000001 0.0 6.19481700746014
    vertex 78.7942286340599 0.0 4.5
    vertex 79.6933324366016 0.0 6.67062859407732
  endloop
endfacet
facet normal 0.0 -1.0 0.0
  outer loop
    vertex 4.00000000000001 0.0 6.19481700746014
    vertex 79.6933324366016 0.0 6.67062859407732
    vertex 4.50000000000001 0.0 6.40192378864668
  endloop
endfacet
facet normal 0.0 -1.0 0.0
  outer loop
    vertex 4.50000000000001 0.0 6.40192378864668
    vertex 79.6933324366016 0.0 6.67062859407732
    vertex 5.12132034355965 0.0 6.87867965644036
  endloop
endfacet
facet normal 0.0 -1.0 0.0
  outer loop
    vertex 5.12132034355965 0.0 6.87867965644036
    vertex 79.6933324366016 0.0 6.67062859407732
    vertex 71.0 0.0 6.95
  endloop
endfacet
facet normal 0.0 -1.0 0.0
  outer loop
    vertex 71.0 0.0 6.95
    vertex 79.6933324366016 0.0 6.67062859407732
    vertex 71.5305790424602 0.0 7.01985205610741
  endloop
endfacet
facet normal 0.0 -1.0 0.0
  outer loop
    vertex 71.5305790424602 0.0 7.01985205610741
    vertex 79.6933324366016 0.0 6.67062859407732
    vertex 80.0 0.0 9.0
  endloop
endfacet
facet normal 0.0 -1.0 0.0
  outer loop
    vertex 71.5305790424602 0.0 7.01985205610741
    vertex 80.0 0.0 9.0
    vertex 72.025 0.0 7.2246479222419
  endloop
endfacet
facet normal 0.0 -1.0 0.0
  outer loop
    vertex 72.025 0.0 7.2246479222419
    vertex 80.0 0.0 9.0
    vertex 72.4495689014324 0.0 7.55043109856758
  endloop
endfacet
facet normal 0.0 -1.0 0.0
  outer loop
    vertex 72.4495689014324 0.0 7.55043109856758
    vertex 80.0 0.0 9.0
    vertex 72.7753520777581 0.0 7.975
  endloop
endfacet
facet normal 0.0 -1.0 0.0
  outer loop
    vertex 72.7753520777581 0.0 7.975
    vertex 80.0 0.0 9.0
    vertex 72.9801479438926 0.0 8.46942095753983
  endloop
endfacet
facet normal 0.0 -1.0 0.0
  outer loop
    vertex 72.9801479438926 0.0 8.46942095753983
    vertex 80.0 0.0 9.0
    vertex 73.05 0.0 9.0
  endloop
endfacet
facet normal 0.0 -1.0 0.0
  outer loop
    vertex 73.05 0.0 9.0
    vertex 80.0 0.0 9.0
    vertex 79.6933324366016 0.0 11.3293714059227
  endloop
endfacet
facet normal 0.0 -1.0 0.0
  outer loop
    vertex 73.05 0.0 9.0
    vertex 79.6933324366016 0.0 11.3293714059227
    vertex 72.9801479438926 0.0 9.53057904246017
  endloop
endfacet
facet normal 0.0 -1.0 0.0
  outer loop
    vertex 72.9801479438926 0.0 9.53057904246017
    vertex 79.6933324366016 0.0 11.3293714059227
    vertex 72.7753520777581 0.0 10.025
  endloop
endfacet
facet normal 0.0 -1.0 0.0
  outer loop
    vertex 72.7753520777581 0.0 10.025
    vertex 79.6933324366016 0.0 11.3293714059227
    vertex 72.4495689014324 0.0 10.4495689014324
  endloop
endfacet
facet normal 0.0 -1.0 0.0
  outer loop
    vertex 72.4495689014324 0.0 10.4495689014324
    vertex 79.6933324366016 0.0 11.3293714059227
    vertex 72.025 0.0 10.7753520777581
  endloop
endfacet
facet normal 0.0 -1.0 0.0
  outer loop
    vertex 72.025 0.0 10.7753520777581
    vertex 79.6933324366016 0.0 11.3293714059227
    vertex 71.5305790424602 0.0 10.9801479438926
  endloop
endfacet
facet normal 0.0 -1.0 0.0
  outer loop
    vertex 71.5305790424602 0.0 10.9801479438926
    vertex 79.6933324366016 0.0 11.3293714059227
    vertex 71.0 0.0 11.05
  endloop
endfacet
facet normal 0.0 -1.0 0.0
  outer loop
    vertex 71.0 0.0 11.05
    vertex 79.6933324366016 0.0 11.3293714059227
    vertex 5.12132034355965 0.0 11.1213203435596
  endloop
endfacet
facet normal 0.0 -1.0 0.0
  outer loop
    vertex 5.12132034355965 0.0 11.1213203435596
    vertex 79.6933324366016 0.0 11.3293714059227
    vertex 4.5 0.0 11.5980762113533
  endloop
endfacet
facet normal 0.0 -1.0 0.0
  outer loop
    vertex 4.5 0.0 11.5980762113533
    vertex 79.6933324366016 0.0 11.3293714059227
    vertex 78.7942286340599 0.0 13.5
  endloop
endfacet
facet normal 0.0 -1.0 0.0
  outer loop
    vertex 4.5 0.0 11.5980762113533
    vertex 78.7942286340599 0.0 13.5
    vertex 4.00000000000001 0.0 11.8051829925399
  endloop
endfacet
facet normal 0.0 -1.0 0.0
  outer loop
    vertex 4.00000000000001 0.0 11.8051829925399
    vertex 78.7942286340599 0.0 13.5
    vertex 10.8144870012723 0.0 18.0
  endloop
endfacet
facet normal 0.0 -1.0 0.0
  outer loop
    vertex 4.00000000000001 0.0 11.8051829925399
    vertex 10.8144870012723 0.0 18.0
    vertex 4.00000000000001 0.0 20.8683475024126
  endloop
endfacet
facet normal 0.0 -1.0 0.0
  outer loop
    vertex 10.8144870012723 0.0 18.0
    vertex 78.7942286340599 0.0 13.5
    vertex 77.3639610306789 0.0 15.3639610306789
  endloop
endfacet
facet normal 0.0 -1.0 0.0
  outer loop
    vertex 10.8144870012723 0.0 18.0
    vertex 77.3639610306789 0.0 15.3639610306789
    vertex 75.5 0.0 16.7942286340599
  endloop
endfacet
facet normal 0.0 -1.0 0.0
  outer loop
    vertex 10.8144870012723 0.0 18.0
    vertex 75.5 0.0 16.7942286340599
    vertex 73.3293714059227 0.0 17.6933324366016
  endloop
endfacet
facet normal 0.0 -1.0 0.0
  outer loop
    vertex 10.8144870012723 0.0 18.0
    vertex 73.3293714059227 0.0 17.6933324366016
    vertex 71.0 0.0 18.0
  endloop
endfacet
facet normal 0.0 -1.0 0.0
  outer loop
    vertex 4.00000000000001 0.0 20.8683475024126
    vertex 10.8144870012723 0.0 18.0
    vertex 9.0 0.0 19.3923048454133
  endloop
endfacet
facet normal 0.0 -1.0 0.0
  outer loop
    vertex 4.00000000000001 0.0 20.8683475024126
    vertex 9.0 0.0 19.3923048454133
    vertex 6.10582854123025 0.0 20.5911099154688
  endloop
endfacet
facet normal 0.0 -1.0 0.0
  outer loop
    vertex 71.0 0.0 6.95
    vertex 5.59807621135332 0.0 7.5
    vertex 5.12132034355965 0.0 6.87867965644036
  endloop
endfacet
facet normal 0.0 -1.0 0.0
  outer loop
    vertex 5.59807621135332 0.0 7.5
    vertex 71.0 0.0 6.95
    vertex 70.4694209575398 0.0 7.01985205610741
  endloop
endfacet
facet normal 0.0 -1.0 0.0
  outer loop
    vertex 5.59807621135332 0.0 7.5
    vertex 70.4694209575398 0.0 7.01985205610741
    vertex 69.975 0.0 7.2246479222419
  endloop
endfacet
facet normal 0.0 -1.0 0.0
  outer loop
    vertex 5.59807621135332 0.0 7.5
    vertex 69.975 0.0 7.2246479222419
    vertex 69.5504310985676 0.0 7.55043109856758
  endloop
endfacet
facet normal 0.0 -1.0 0.0
  outer loop
    vertex 5.59807621135332 0.0 7.5
    vertex 69.5504310985676 0.0 7.55043109856758
    vertex 5.89777747886721 0.0 8.22354286469244
  endloop
endfacet
facet normal 0.0 -1.0 0.0
  outer loop
    vertex 5.89777747886721 0.0 8.22354286469244
    vertex 69.5504310985676 0.0 7.55043109856758
    vertex 69.2246479222419 0.0 7.975
  endloop
endfacet
facet normal 0.0 -1.0 0.0
  outer loop
    vertex 5.89777747886721 0.0 8.22354286469244
    vertex 69.2246479222419 0.0 7.975
    vertex 69.0198520561074 0.0 8.46942095753983
  endloop
endfacet
facet normal 0.0 -1.0 0.0
  outer loop
    vertex 5.89777747886721 0.0 8.22354286469244
    vertex 69.0198520561074 0.0 8.46942095753983
    vertex 6.00000000000001 0.0 9.0
  endloop
endfacet
facet normal 0.0 -1.0 0.0
  outer loop
    vertex 6.00000000000001 0.0 9.0
    vertex 69.0198520561074 0.0 8.46942095753983
    vertex 68.95 0.0 9.0
  endloop
endfacet
facet normal 0.0 -1.0 0.0
  outer loop
    vertex 6.00000000000001 0.0 9.0
    vertex 68.95 0.0 9.0
    vertex 69.0198520561074 0.0 9.53057904246017
  endloop
endfacet
facet normal 0.0 -1.0 0.0
  outer loop
    vertex 6.00000000000001 0.0 9.0
    vertex 69.0198520561074 0.0 9.53057904246017
    vertex 5.89777747886721 0.0 9.77645713530757
  endloop
endfacet
facet normal 0.0 -1.0 0.0
  outer loop
    vertex 5.89777747886721 0.0 9.77645713530757
    vertex 69.0198520561074 0.0 9.53057904246017
    vertex 69.2246479222419 0.0 10.025
  endloop
endfacet
facet normal 0.0 -1.0 0.0
  outer loop
    vertex 5.89777747886721 0.0 9.77645713530757
    vertex 69.2246479222419 0.0 10.025
    vertex 5.59807621135332 0.0 10.5
  endloop
endfacet
facet normal 0.0 -1.0 0.0
  outer loop
    vertex 5.59807621135332 0.0 10.5
    vertex 69.2246479222419 0.0 10.025
    vertex 69.5504310985676 0.0 10.4495689014324
  endloop
endfacet
facet normal 0.0 -1.0 0.0
  outer loop
    vertex 5.59807621135332 0.0 10.5
    vertex 69.5504310985676 0.0 10.4495689014324
    vertex 69.975 0.0 10.7753520777581
  endloop
endfacet
facet normal 0.0 -1.0 0.0
  outer loop
    vertex 5.59807621135332 0.0 10.5
    vertex 69.975 0.0 10.7753520777581
    vertex 5.12132034355965 0.0 11.1213203435596
  endloop
endfacet
facet normal 0.0 -1.0 0.0
  outer loop
    vertex 5.12132034355965 0.0 11.1213203435596
    vertex 69.975 0.0 10.7753520777581
    vertex 70.4694209575398 0.0 10.9801479438926
  endloop
endfacet
facet normal 0.0 -1.0 0.0
  outer loop
    vertex 5.12132034355965 0.0 11.1213203435596
    vertex 70.4694209575398 0.0 10.9801479438926
    vertex 71.0 0.0 11.05
  endloop
endfacet
facet normal 0.0 -1.0 0.0
  outer loop
    vertex 73.3293714059227 0.0 0.306667563398386
    vertex 10.8144870012723 0.0 0.0
    vertex 71.0 0.0 0.0
  endloop
endfacet
facet normal 7.91074773856904e-017 0.131832669625119 0.991271984482319
  outer loop
    vertex -0.999999999999997 6.58385315128015 0.434333791660637
    vertex 2.0 6.9978914155646 0.37926941925625
    vertex -0.999999999999997 6.9978914155646 0.37926941925625
  endloop
endfacet
facet normal 7.91074773856904e-017 0.131832669625119 0.991271984482319
  outer loop
    vertex 2.0 6.9978914155646 0.37926941925625
    vertex -0.999999999999997 6.58385315128015 0.434333791660637
    vertex 2.0 6.58385315128014 0.434333791660637
  endloop
endfacet
facet normal 0.0 0.38268343236509 0.923879532511287
  outer loop
    vertex 7.0 6.2 0.593627383785445
    vertex 4.00000000000001 6.58588952783596 0.433786707778037
    vertex 4.00000000000001 6.2 0.593627383785445
  endloop
endfacet
facet normal 0.0 0.38268343236509 0.923879532511287
  outer loop
    vertex 4.00000000000001 6.58588952783596 0.433786707778037
    vertex 7.0 6.2 0.593627383785445
    vertex 7.0 6.58588952783596 0.433786707778037
  endloop
endfacet
facet normal -1.04849122269228e-016 0.383900648800132 0.923374405022599
  outer loop
    vertex -0.999999999999996 6.19817460702077 0.59468287927244
    vertex 2.0 6.58385315128014 0.434333791660637
    vertex -0.999999999999997 6.58385315128015 0.434333791660637
  endloop
endfacet
facet normal -1.04849122269228e-016 0.383900648800132 0.923374405022599
  outer loop
    vertex 2.0 6.58385315128014 0.434333791660637
    vertex -0.999999999999996 6.19817460702077 0.59468287927244
    vertex 2.0 6.19817460702077 0.59468287927244
  endloop
endfacet
facet normal 6.56001029760559e-016 -0.991616016353978 -0.129219488121058
  outer loop
    vertex 2.0 8.59999861058429 1.97715944540515
    vertex -0.999999999999998 8.54602572180008 2.39134140623427
    vertex -0.999999999999998 8.59999861058429 1.97715944540515
  endloop
endfacet
facet normal 6.56001029760559e-016 -0.991616016353978 -0.129219488121058
  outer loop
    vertex -0.999999999999998 8.54602572180008 2.39134140623427
    vertex 2.0 8.59999861058429 1.97715944540515
    vertex 2.0 8.54602572180008 2.39134140623427
  endloop
endfacet
facet normal 1.0 -8.81239525796218e-017 7.25245406211329e-017
  outer loop
    vertex 7.00000000000001 3.0 -2.22073197015945
    vertex 7.0 5.45451867793749 1.56515755767651
    vertex 7.0 5.4 1.97926802984055
  endloop
endfacet
facet normal 1.0 -8.81239525796218e-017 7.25245406211329e-017
  outer loop
    vertex 7.0 5.45451867793749 1.56515755767651
    vertex 7.00000000000001 3.0 -2.22073197015945
    vertex 7.0 5.6143593539449 1.17926802984055
  endloop
endfacet
facet normal 1.0 -8.81239525796218e-017 7.25245406211329e-017
  outer loop
    vertex 7.0 5.6143593539449 1.17926802984055
    vertex 7.00000000000001 3.0 -2.22073197015945
    vertex 7.0 5.86862915010152 0.84789717994207
  endloop
endfacet
facet normal 1.0 -8.81239525796218e-017 7.25245406211329e-017
  outer loop
    vertex 7.0 5.86862915010152 0.84789717994207
    vertex 7.00000000000001 3.0 -2.22073197015945
    vertex 7.0 6.2 0.593627383785445
  endloop
endfacet
facet normal 1.0 -8.81239525796218e-017 7.25245406211329e-017
  outer loop
    vertex 7.0 6.2 0.593627383785445
    vertex 7.00000000000001 3.0 -2.22073197015945
    vertex 7.00000000000001 11.0 -2.22073197015945
  endloop
endfacet
facet normal 1.0 -8.81239525796218e-017 7.25245406211329e-017
  outer loop
    vertex 7.0 6.2 0.593627383785445
    vertex 7.00000000000001 11.0 -2.22073197015945
    vertex 7.0 6.58588952783596 0.433786707778037
  endloop
endfacet
facet normal 1.0 -8.81239525796218e-017 7.25245406211329e-017
  outer loop
    vertex 7.0 6.58588952783596 0.433786707778037
    vertex 7.00000000000001 11.0 -2.22073197015945
    vertex 7.0 7.0 0.379268029840547
  endloop
endfacet
facet normal 1.0 -8.81239525796218e-017 7.25245406211329e-017
  outer loop
    vertex 7.0 7.0 0.379268029840547
    vertex 7.00000000000001 11.0 -2.22073197015945
    vertex 7.0 7.41411047216403 0.433786707778038
  endloop
endfacet
facet normal 1.0 -8.81239525796218e-017 7.25245406211329e-017
  outer loop
    vertex 7.0 7.41411047216403 0.433786707778038
    vertex 7.00000000000001 11.0 -2.22073197015945
    vertex 7.0 7.8 0.593627383785445
  endloop
endfacet
facet normal 1.0 -8.81239525796218e-017 7.25245406211329e-017
  outer loop
    vertex 7.0 7.8 0.593627383785445
    vertex 7.00000000000001 11.0 -2.22073197015945
    vertex 7.0 8.13137084989847 0.847897179942071
  endloop
endfacet
facet normal 1.0 -8.81239525796218e-017 7.25245406211329e-017
  outer loop
    vertex 7.0 8.13137084989847 0.847897179942071
    vertex 7.00000000000001 11.0 -2.22073197015945
    vertex 7.0 8.3856406460551 1.17926802984055
  endloop
endfacet
facet normal 1.0 -8.81239525796218e-017 7.25245406211329e-017
  outer loop
    vertex 7.0 8.3856406460551 1.17926802984055
    vertex 7.00000000000001 11.0 -2.22073197015945
    vertex 7.0 8.54548132206251 1.56515755767651
  endloop
endfacet
facet normal 1.0 -8.81239525796218e-017 7.25245406211329e-017
  outer loop
    vertex 7.0 8.54548132206251 1.56515755767651
    vertex 7.00000000000001 11.0 -2.22073197015945
    vertex 7.0 8.6 1.97926802984055
  endloop
endfacet
facet normal 1.0 -8.81239525796218e-017 7.25245406211329e-017
  outer loop
    vertex 7.0 3.0 7.5
    vertex 7.0 5.86862915010152 3.11063887973902
    vertex 7.00000000000001 11.0 7.5
  endloop
endfacet
facet normal 1.0 -8.81239525796218e-017 7.25245406211329e-017
  outer loop
    vertex 7.0 5.86862915010152 3.11063887973902
    vertex 7.0 3.0 7.5
    vertex 7.0 5.61435935394489 2.77926802984055
  endloop
endfacet
facet normal 1.0 -8.81239525796218e-017 7.25245406211329e-017
  outer loop
    vertex 7.0 5.61435935394489 2.77926802984055
    vertex 7.0 3.0 7.5
    vertex 7.00000000000001 3.0 -2.22073197015945
  endloop
endfacet
facet normal 1.0 -8.81239525796218e-017 7.25245406211329e-017
  outer loop
    vertex 7.0 5.61435935394489 2.77926802984055
    vertex 7.00000000000001 3.0 -2.22073197015945
    vertex 7.0 5.45451867793749 2.39337850200458
  endloop
endfacet
facet normal 1.0 -8.81239525796218e-017 7.25245406211329e-017
  outer loop
    vertex 7.0 5.45451867793749 2.39337850200458
    vertex 7.00000000000001 3.0 -2.22073197015945
    vertex 7.0 5.4 1.97926802984055
  endloop
endfacet
facet normal 1.0 -8.81239525796218e-017 7.25245406211329e-017
  outer loop
    vertex 7.00000000000001 11.0 7.5
    vertex 7.0 5.86862915010152 3.11063887973902
    vertex 7.0 6.2 3.36490867589565
  endloop
endfacet
facet normal 1.0 -8.81239525796218e-017 7.25245406211329e-017
  outer loop
    vertex 7.00000000000001 11.0 7.5
    vertex 7.0 6.2 3.36490867589565
    vertex 7.0 6.58588952783596 3.52474935190306
  endloop
endfacet
facet normal 1.0 -8.81239525796218e-017 7.25245406211329e-017
  outer loop
    vertex 7.00000000000001 11.0 7.5
    vertex 7.0 6.58588952783596 3.52474935190306
    vertex 7.0 7.0 3.57926802984055
  endloop
endfacet
facet normal 1.0 -8.81239525796218e-017 7.25245406211329e-017
  outer loop
    vertex 7.00000000000001 11.0 7.5
    vertex 7.0 7.0 3.57926802984055
    vertex 7.0 7.41411047216403 3.52474935190306
  endloop
endfacet
facet normal 1.0 -8.81239525796218e-017 7.25245406211329e-017
  outer loop
    vertex 7.00000000000001 11.0 7.5
    vertex 7.0 7.41411047216403 3.52474935190306
    vertex 7.0 7.8 3.36490867589565
  endloop
endfacet
facet normal 1.0 -8.81239525796218e-017 7.25245406211329e-017
  outer loop
    vertex 7.00000000000001 11.0 7.5
    vertex 7.0 7.8 3.36490867589565
    vertex 7.0 8.13137084989847 3.11063887973902
  endloop
endfacet
facet normal 1.0 -8.81239525796218e-017 7.25245406211329e-017
  outer loop
    vertex 7.00000000000001 11.0 7.5
    vertex 7.0 8.13137084989847 3.11063887973902
    vertex 7.0 8.3856406460551 2.77926802984055
  endloop
endfacet
facet normal 1.0 -8.81239525796218e-017 7.25245406211329e-017
  outer loop
    vertex 7.00000000000001 11.0 7.5
    vertex 7.0 8.3856406460551 2.77926802984055
    vertex 7.0 8.54548132206251 2.39337850200458
  endloop
endfacet
facet normal 1.0 -8.81239525796218e-017 7.25245406211329e-017
  outer loop
    vertex 7.00000000000001 11.0 7.5
    vertex 7.0 8.54548132206251 2.39337850200458
    vertex 7.0 8.6 1.97926802984055
  endloop
endfacet
facet normal 1.0 -8.81239525796218e-017 7.25245406211329e-017
  outer loop
    vertex 7.00000000000001 11.0 7.5
    vertex 7.0 8.6 1.97926802984055
    vertex 7.00000000000001 11.0 -2.22073197015945
  endloop
endfacet
endsolid sensorArm_001
