solid sensorSupport_001
facet normal -0.0 -0.0 1.0
  outer loop
    vertex 73.0 5.0 0.0
    vertex 10.0 25.0 -5.34421710905352e-032
    vertex 10.0 5.0 -5.34421710905352e-032
  endloop
endfacet
facet normal -0.0 -0.0 1.0
  outer loop
    vertex 10.0 25.0 -5.34421710905352e-032
    vertex 73.0 5.0 0.0
    vertex 73.0 25.0 0.0
  endloop
endfacet
facet normal -1.83297821365613e-016 -1.0 0.0
  outer loop
    vertex 108.0 -4.58244553414033e-015 5.0
    vertex 83.0 0.0 0.0
    vertex 108.0 -4.58244553414033e-015 0.0
  endloop
endfacet
facet normal -1.83297821365613e-016 -1.0 0.0
  outer loop
    vertex 83.0 0.0 0.0
    vertex 108.0 -4.58244553414033e-015 5.0
    vertex 83.0 0.0 5.0
  endloop
endfacet
facet normal 0.99144486137381 0.130526192220051 0.0
  outer loop
    vertex -22.0 12.5 0.0
    vertex -21.6762953497462 10.0412190715261 5.0
    vertex -21.6762953497462 10.0412190715261 0.0
  endloop
endfacet
facet normal 0.99144486137381 0.130526192220051 0.0
  outer loop
    vertex -21.6762953497462 10.0412190715261 5.0
    vertex -22.0 12.5 0.0
    vertex -22.0 12.5 5.0
  endloop
endfacet
facet normal 0.923879532511287 0.382683432365089 0.0
  outer loop
    vertex -21.6762953497462 10.0412190715261 0.0
    vertex -20.7272413359522 7.75 5.0
    vertex -20.7272413359522 7.75 0.0
  endloop
endfacet
facet normal 0.923879532511287 0.382683432365089 0.0
  outer loop
    vertex -20.7272413359522 7.75 5.0
    vertex -21.6762953497462 10.0412190715261 0.0
    vertex -21.6762953497462 10.0412190715261 5.0
  endloop
endfacet
facet normal 0.38268343236509 0.923879532511287 0.0
  outer loop
    vertex -17.25 4.27275866404783 5.0
    vertex -14.9587809284739 3.32370465025385 0.0
    vertex -17.25 4.27275866404783 0.0
  endloop
endfacet
facet normal 0.38268343236509 0.923879532511287 0.0
  outer loop
    vertex -14.9587809284739 3.32370465025385 0.0
    vertex -17.25 4.27275866404783 5.0
    vertex -14.9587809284739 3.32370465025385 5.0
  endloop
endfacet
facet normal -0.130526192220051 0.991444861373811 0.0
  outer loop
    vertex -12.5 3.0 5.0
    vertex -10.0412190715261 3.32370465025385 0.0
    vertex -12.5 3.0 0.0
  endloop
endfacet
facet normal -0.130526192220051 0.991444861373811 0.0
  outer loop
    vertex -10.0412190715261 3.32370465025385 0.0
    vertex -12.5 3.0 5.0
    vertex -10.0412190715261 3.32370465025385 5.0
  endloop
endfacet
facet normal -1.3056158315425e-016 -9.67956564764264e-017 1.0
  outer loop
    vertex 108.0 -4.58244553414033e-015 5.0
    vertex 83.0 5.0 4.99999999999999
    vertex 83.0 0.0 5.0
  endloop
endfacet
facet normal -1.3056158315425e-016 -9.67956564764264e-017 1.0
  outer loop
    vertex 83.0 5.0 4.99999999999999
    vertex 108.0 -4.58244553414033e-015 5.0
    vertex 93.041219071526 3.32370465025385 5.0
  endloop
endfacet
facet normal -1.3056158315425e-016 -9.67956564764264e-017 1.0
  outer loop
    vertex 83.0 5.0 4.99999999999999
    vertex 93.041219071526 3.32370465025385 5.0
    vertex 90.75 4.27275866404783 5.0
  endloop
endfacet
facet normal -1.3056158315425e-016 -9.67956564764264e-017 1.0
  outer loop
    vertex 83.0 5.0 4.99999999999999
    vertex 90.75 4.27275866404783 5.0
    vertex 88.7824855787278 5.7824855787278 5.0
  endloop
endfacet
facet normal -1.3056158315425e-016 -9.67956564764264e-017 1.0
  outer loop
    vertex 83.0 5.0 4.99999999999999
    vertex 88.7824855787278 5.7824855787278 5.0
    vertex 87.2727586640478 7.75 5.0
  endloop
endfacet
facet normal -1.3056158315425e-016 -9.67956564764264e-017 1.0
  outer loop
    vertex 83.0 5.0 4.99999999999999
    vertex 87.2727586640478 7.75 5.0
    vertex 86.3237046502538 10.0412190715261 5.0
  endloop
endfacet
facet normal -1.3056158315425e-016 -9.67956564764264e-017 1.0
  outer loop
    vertex 83.0 5.0 4.99999999999999
    vertex 86.3237046502538 10.0412190715261 5.0
    vertex 86.0 12.5 5.0
  endloop
endfacet
facet normal -1.3056158315425e-016 -9.67956564764264e-017 1.0
  outer loop
    vertex 93.041219071526 3.32370465025385 5.0
    vertex 108.0 -4.58244553414033e-015 5.0
    vertex 95.5 3.0 5.0
  endloop
endfacet
facet normal -1.3056158315425e-016 -9.67956564764264e-017 1.0
  outer loop
    vertex 95.5 3.0 5.0
    vertex 108.0 -4.58244553414033e-015 5.0
    vertex 97.9587809284739 3.32370465025385 5.0
  endloop
endfacet
facet normal -1.3056158315425e-016 -9.67956564764264e-017 1.0
  outer loop
    vertex 97.9587809284739 3.32370465025385 5.0
    vertex 108.0 -4.58244553414033e-015 5.0
    vertex 100.25 4.27275866404783 5.0
  endloop
endfacet
facet normal -1.3056158315425e-016 -9.67956564764264e-017 1.0
  outer loop
    vertex 100.25 4.27275866404783 5.0
    vertex 108.0 -4.58244553414033e-015 5.0
    vertex 102.217514421272 5.7824855787278 5.0
  endloop
endfacet
facet normal -1.3056158315425e-016 -9.67956564764264e-017 1.0
  outer loop
    vertex 102.217514421272 5.7824855787278 5.0
    vertex 108.0 -4.58244553414033e-015 5.0
    vertex 103.727241335952 7.75000000000001 5.0
  endloop
endfacet
facet normal -1.3056158315425e-016 -9.67956564764264e-017 1.0
  outer loop
    vertex 103.727241335952 7.75000000000001 5.0
    vertex 108.0 -4.58244553414033e-015 5.0
    vertex 104.676295349746 10.0412190715261 5.0
  endloop
endfacet
facet normal -1.3056158315425e-016 -9.67956564764264e-017 1.0
  outer loop
    vertex 104.676295349746 10.0412190715261 5.0
    vertex 108.0 -4.58244553414033e-015 5.0
    vertex 105.0 12.5 5.0
  endloop
endfacet
facet normal -1.3056158315425e-016 -9.67956564764264e-017 1.0
  outer loop
    vertex 78.0 5.0 4.99999999999999
    vertex 73.0 25.0 5.0
    vertex 73.0 5.0 4.99999999999999
  endloop
endfacet
facet normal -1.3056158315425e-016 -9.67956564764264e-017 1.0
  outer loop
    vertex 73.0 25.0 5.0
    vertex 78.0 5.0 4.99999999999999
    vertex 78.0 25.0 5.0
  endloop
endfacet
facet normal -1.3056158315425e-016 -9.67956564764264e-017 1.0
  outer loop
    vertex 78.0 25.0 5.0
    vertex 78.0 5.0 4.99999999999999
    vertex 83.0 5.0 4.99999999999999
  endloop
endfacet
facet normal -1.3056158315425e-016 -9.67956564764264e-017 1.0
  outer loop
    vertex 78.0 25.0 5.0
    vertex 83.0 5.0 4.99999999999999
    vertex 86.3237046502538 14.9587809284739 5.0
  endloop
endfacet
facet normal -1.3056158315425e-016 -9.67956564764264e-017 1.0
  outer loop
    vertex 78.0 25.0 5.0
    vertex 86.3237046502538 14.9587809284739 5.0
    vertex 87.2727586640478 17.25 5.0
  endloop
endfacet
facet normal -1.3056158315425e-016 -9.67956564764264e-017 1.0
  outer loop
    vertex 78.0 25.0 5.0
    vertex 87.2727586640478 17.25 5.0
    vertex 88.7824855787278 19.2175144212722 5.0
  endloop
endfacet
facet normal -1.3056158315425e-016 -9.67956564764264e-017 1.0
  outer loop
    vertex 78.0 25.0 5.0
    vertex 88.7824855787278 19.2175144212722 5.0
    vertex 90.75 20.7272413359522 5.0
  endloop
endfacet
facet normal -1.3056158315425e-016 -9.67956564764264e-017 1.0
  outer loop
    vertex 78.0 25.0 5.0
    vertex 90.75 20.7272413359522 5.0
    vertex 93.041219071526 21.6762953497461 5.0
  endloop
endfacet
facet normal -1.3056158315425e-016 -9.67956564764264e-017 1.0
  outer loop
    vertex 78.0 25.0 5.0
    vertex 93.041219071526 21.6762953497461 5.0
    vertex 108.0 25.0 5.0
  endloop
endfacet
facet normal -1.3056158315425e-016 -9.67956564764264e-017 1.0
  outer loop
    vertex 86.3237046502538 14.9587809284739 5.0
    vertex 83.0 5.0 4.99999999999999
    vertex 86.0 12.5 5.0
  endloop
endfacet
facet normal -1.3056158315425e-016 -9.67956564764264e-017 1.0
  outer loop
    vertex 108.0 25.0 5.0
    vertex 93.041219071526 21.6762953497461 5.0
    vertex 95.5 22.0 5.0
  endloop
endfacet
facet normal -1.3056158315425e-016 -9.67956564764264e-017 1.0
  outer loop
    vertex 108.0 25.0 5.0
    vertex 95.5 22.0 5.0
    vertex 97.9587809284739 21.6762953497462 5.0
  endloop
endfacet
facet normal -1.3056158315425e-016 -9.67956564764264e-017 1.0
  outer loop
    vertex 108.0 25.0 5.0
    vertex 97.9587809284739 21.6762953497462 5.0
    vertex 100.25 20.7272413359522 5.0
  endloop
endfacet
facet normal -1.3056158315425e-016 -9.67956564764264e-017 1.0
  outer loop
    vertex 108.0 25.0 5.0
    vertex 100.25 20.7272413359522 5.0
    vertex 102.217514421272 19.2175144212722 5.0
  endloop
endfacet
facet normal -1.3056158315425e-016 -9.67956564764264e-017 1.0
  outer loop
    vertex 108.0 25.0 5.0
    vertex 102.217514421272 19.2175144212722 5.0
    vertex 103.727241335952 17.25 5.0
  endloop
endfacet
facet normal -1.3056158315425e-016 -9.67956564764264e-017 1.0
  outer loop
    vertex 108.0 25.0 5.0
    vertex 103.727241335952 17.25 5.0
    vertex 104.676295349746 14.958780928474 5.0
  endloop
endfacet
facet normal -1.3056158315425e-016 -9.67956564764264e-017 1.0
  outer loop
    vertex 108.0 25.0 5.0
    vertex 104.676295349746 14.958780928474 5.0
    vertex 105.0 12.5 5.0
  endloop
endfacet
facet normal -1.3056158315425e-016 -9.67956564764264e-017 1.0
  outer loop
    vertex 108.0 25.0 5.0
    vertex 105.0 12.5 5.0
    vertex 108.0 -4.58244553414033e-015 5.0
  endloop
endfacet
facet normal 1.0 0.0 0.0
  outer loop
    vertex 108.0 25.0 0.0
    vertex 108.0 -4.58244553414033e-015 5.0
    vertex 108.0 -4.58244553414033e-015 0.0
  endloop
endfacet
facet normal 1.0 0.0 0.0
  outer loop
    vertex 108.0 -4.58244553414033e-015 5.0
    vertex 108.0 25.0 0.0
    vertex 108.0 25.0 5.0
  endloop
endfacet
facet normal 0.130526192220052 0.99144486137381 0.0
  outer loop
    vertex -14.9587809284739 3.32370465025385 5.0
    vertex -12.5 3.0 0.0
    vertex -14.9587809284739 3.32370465025385 0.0
  endloop
endfacet
facet normal 0.130526192220052 0.99144486137381 0.0
  outer loop
    vertex -12.5 3.0 0.0
    vertex -14.9587809284739 3.32370465025385 5.0
    vertex -12.5 3.0 5.0
  endloop
endfacet
facet normal -0.382683432365089 0.923879532511287 0.0
  outer loop
    vertex -10.0412190715261 3.32370465025385 5.0
    vertex -7.75 4.27275866404783 0.0
    vertex -10.0412190715261 3.32370465025385 0.0
  endloop
endfacet
facet normal -0.382683432365089 0.923879532511287 0.0
  outer loop
    vertex -7.75 4.27275866404783 0.0
    vertex -10.0412190715261 3.32370465025385 5.0
    vertex -7.75 4.27275866404783 5.0
  endloop
endfacet
facet normal -0.793353340291235 0.60876142900872 0.0
  outer loop
    vertex -4.27275866404783 7.75 5.0
    vertex -5.7824855787278 5.7824855787278 0.0
    vertex -5.7824855787278 5.7824855787278 5.0
  endloop
endfacet
facet normal -0.793353340291235 0.60876142900872 0.0
  outer loop
    vertex -5.7824855787278 5.7824855787278 0.0
    vertex -4.27275866404783 7.75 5.0
    vertex -4.27275866404783 7.75 0.0
  endloop
endfacet
facet normal 0.923879532511287 -0.38268343236509 0.0
  outer loop
    vertex -20.7272413359522 17.25 0.0
    vertex -21.6762953497462 14.9587809284739 5.0
    vertex -21.6762953497462 14.9587809284739 0.0
  endloop
endfacet
facet normal 0.923879532511287 -0.38268343236509 0.0
  outer loop
    vertex -21.6762953497462 14.9587809284739 5.0
    vertex -20.7272413359522 17.25 0.0
    vertex -20.7272413359522 17.25 5.0
  endloop
endfacet
facet normal -0.923879532511287 0.38268343236509 0.0
  outer loop
    vertex -3.32370465025385 10.041219071526 5.0
    vertex -4.27275866404783 7.75 0.0
    vertex -4.27275866404783 7.75 5.0
  endloop
endfacet
facet normal -0.923879532511287 0.38268343236509 0.0
  outer loop
    vertex -4.27275866404783 7.75 0.0
    vertex -3.32370465025385 10.041219071526 5.0
    vertex -3.32370465025385 10.041219071526 0.0
  endloop
endfacet
facet normal -0.60876142900872 0.793353340291236 0.0
  outer loop
    vertex -7.75 4.27275866404783 5.0
    vertex -5.7824855787278 5.7824855787278 0.0
    vertex -7.75 4.27275866404783 0.0
  endloop
endfacet
facet normal -0.60876142900872 0.793353340291236 0.0
  outer loop
    vertex -5.7824855787278 5.7824855787278 0.0
    vertex -7.75 4.27275866404783 5.0
    vertex -5.7824855787278 5.7824855787278 5.0
  endloop
endfacet
facet normal -0.991444861373811 0.130526192220052 0.0
  outer loop
    vertex -3.0 12.5 5.0
    vertex -3.32370465025385 10.041219071526 0.0
    vertex -3.32370465025385 10.041219071526 5.0
  endloop
endfacet
facet normal -0.991444861373811 0.130526192220052 0.0
  outer loop
    vertex -3.32370465025385 10.041219071526 0.0
    vertex -3.0 12.5 5.0
    vertex -3.0 12.5 0.0
  endloop
endfacet
facet normal -0.991444861373811 -0.130526192220051 -0.0
  outer loop
    vertex -3.32370465025385 14.9587809284739 5.0
    vertex -3.0 12.5 0.0
    vertex -3.0 12.5 5.0
  endloop
endfacet
facet normal -0.991444861373811 -0.130526192220051 -0.0
  outer loop
    vertex -3.0 12.5 0.0
    vertex -3.32370465025385 14.9587809284739 5.0
    vertex -3.32370465025385 14.9587809284739 0.0
  endloop
endfacet
facet normal 0.793353340291235 0.608761429008721 0.0
  outer loop
    vertex -20.7272413359522 7.75 0.0
    vertex -19.2175144212722 5.78248557872779 5.0
    vertex -19.2175144212722 5.78248557872779 0.0
  endloop
endfacet
facet normal 0.793353340291235 0.608761429008721 0.0
  outer loop
    vertex -19.2175144212722 5.78248557872779 5.0
    vertex -20.7272413359522 7.75 0.0
    vertex -20.7272413359522 7.75 5.0
  endloop
endfacet
facet normal -0.923879532511287 -0.38268343236509 -0.0
  outer loop
    vertex -4.27275866404783 17.25 5.0
    vertex -3.32370465025385 14.9587809284739 0.0
    vertex -3.32370465025385 14.9587809284739 5.0
  endloop
endfacet
facet normal -0.923879532511287 -0.38268343236509 -0.0
  outer loop
    vertex -3.32370465025385 14.9587809284739 0.0
    vertex -4.27275866404783 17.25 5.0
    vertex -4.27275866404783 17.25 0.0
  endloop
endfacet
facet normal -0.38268343236509 -0.923879532511287 -0.0
  outer loop
    vertex -7.75 20.7272413359522 5.0
    vertex -10.0412190715261 21.6762953497461 0.0
    vertex -7.75 20.7272413359522 0.0
  endloop
endfacet
facet normal -0.38268343236509 -0.923879532511287 -0.0
  outer loop
    vertex -10.0412190715261 21.6762953497461 0.0
    vertex -7.75 20.7272413359522 5.0
    vertex -10.0412190715261 21.6762953497461 5.0
  endloop
endfacet
facet normal -0.130526192220051 -0.991444861373811 -0.0
  outer loop
    vertex -10.0412190715261 21.6762953497461 5.0
    vertex -12.5 22.0 0.0
    vertex -10.0412190715261 21.6762953497461 0.0
  endloop
endfacet
facet normal -0.130526192220051 -0.991444861373811 -0.0
  outer loop
    vertex -12.5 22.0 0.0
    vertex -10.0412190715261 21.6762953497461 5.0
    vertex -12.5 22.0 5.0
  endloop
endfacet
facet normal 0.130526192220052 -0.99144486137381 0.0
  outer loop
    vertex -12.5 22.0 5.0
    vertex -14.9587809284739 21.6762953497461 0.0
    vertex -12.5 22.0 0.0
  endloop
endfacet
facet normal 0.130526192220052 -0.99144486137381 0.0
  outer loop
    vertex -14.9587809284739 21.6762953497461 0.0
    vertex -12.5 22.0 5.0
    vertex -14.9587809284739 21.6762953497461 5.0
  endloop
endfacet
facet normal -0.60876142900872 -0.793353340291236 -0.0
  outer loop
    vertex -5.7824855787278 19.2175144212722 5.0
    vertex -7.75 20.7272413359522 0.0
    vertex -5.7824855787278 19.2175144212722 0.0
  endloop
endfacet
facet normal -0.60876142900872 -0.793353340291236 -0.0
  outer loop
    vertex -7.75 20.7272413359522 0.0
    vertex -5.7824855787278 19.2175144212722 5.0
    vertex -7.75 20.7272413359522 5.0
  endloop
endfacet
facet normal 0.38268343236509 -0.923879532511287 0.0
  outer loop
    vertex -14.9587809284739 21.6762953497461 5.0
    vertex -17.25 20.7272413359522 0.0
    vertex -14.9587809284739 21.6762953497461 0.0
  endloop
endfacet
facet normal 0.38268343236509 -0.923879532511287 0.0
  outer loop
    vertex -17.25 20.7272413359522 0.0
    vertex -14.9587809284739 21.6762953497461 5.0
    vertex -17.25 20.7272413359522 5.0
  endloop
endfacet
facet normal 0.608761429008721 -0.793353340291235 0.0
  outer loop
    vertex -17.25 20.7272413359522 5.0
    vertex -19.2175144212722 19.2175144212722 0.0
    vertex -17.25 20.7272413359522 0.0
  endloop
endfacet
facet normal 0.608761429008721 -0.793353340291235 0.0
  outer loop
    vertex -19.2175144212722 19.2175144212722 0.0
    vertex -17.25 20.7272413359522 5.0
    vertex -19.2175144212722 19.2175144212722 5.0
  endloop
endfacet
facet normal -0.793353340291235 -0.608761429008721 -0.0
  outer loop
    vertex -5.7824855787278 19.2175144212722 5.0
    vertex -4.27275866404783 17.25 0.0
    vertex -4.27275866404783 17.25 5.0
  endloop
endfacet
facet normal -0.793353340291235 -0.608761429008721 -0.0
  outer loop
    vertex -4.27275866404783 17.25 0.0
    vertex -5.7824855787278 19.2175144212722 5.0
    vertex -5.7824855787278 19.2175144212722 0.0
  endloop
endfacet
facet normal 0.991444861373811 -0.130526192220051 0.0
  outer loop
    vertex -21.6762953497462 14.9587809284739 0.0
    vertex -22.0 12.5 5.0
    vertex -22.0 12.5 0.0
  endloop
endfacet
facet normal 0.991444861373811 -0.130526192220051 0.0
  outer loop
    vertex -22.0 12.5 5.0
    vertex -21.6762953497462 14.9587809284739 0.0
    vertex -21.6762953497462 14.9587809284739 5.0
  endloop
endfacet
facet normal -1.0 0.0 0.0
  outer loop
    vertex -25.0 25.0 5.0
    vertex -25.0 -3.52495810318487e-015 0.0
    vertex -25.0 -3.52495810318487e-015 5.0
  endloop
endfacet
facet normal -1.0 0.0 0.0
  outer loop
    vertex -25.0 -3.52495810318487e-015 0.0
    vertex -25.0 25.0 5.0
    vertex -25.0 25.0 0.0
  endloop
endfacet
facet normal 2.8199664825479e-016 -1.0 0.0
  outer loop
    vertex -1.40998324127395e-015 3.52495810318487e-015 5.0
    vertex -25.0 -3.52495810318487e-015 0.0
    vertex -1.40998324127395e-015 3.52495810318487e-015 0.0
  endloop
endfacet
facet normal 2.8199664825479e-016 -1.0 0.0
  outer loop
    vertex -25.0 -3.52495810318487e-015 0.0
    vertex -1.40998324127395e-015 3.52495810318487e-015 5.0
    vertex -25.0 -3.52495810318487e-015 5.0
  endloop
endfacet
facet normal -0.0 1.0 0.0
  outer loop
    vertex -25.0 25.0 5.0
    vertex 5.0 25.0 0.0
    vertex -25.0 25.0 0.0
  endloop
endfacet
facet normal -0.0 1.0 0.0
  outer loop
    vertex 5.0 25.0 0.0
    vertex -25.0 25.0 5.0
    vertex 73.0 25.0 0.0
  endloop
endfacet
facet normal -0.0 1.0 0.0
  outer loop
    vertex 73.0 25.0 0.0
    vertex -25.0 25.0 5.0
    vertex 78.0 25.0 0.0
  endloop
endfacet
facet normal -0.0 1.0 0.0
  outer loop
    vertex 78.0 25.0 0.0
    vertex -25.0 25.0 5.0
    vertex 108.0 25.0 0.0
  endloop
endfacet
facet normal -0.0 1.0 0.0
  outer loop
    vertex 108.0 25.0 0.0
    vertex -25.0 25.0 5.0
    vertex 108.0 25.0 5.0
  endloop
endfacet
facet normal -0.0 1.0 0.0
  outer loop
    vertex 108.0 25.0 5.0
    vertex -25.0 25.0 5.0
    vertex 5.0 25.0 5.0
  endloop
endfacet
facet normal -0.0 1.0 0.0
  outer loop
    vertex 108.0 25.0 5.0
    vertex 5.0 25.0 5.0
    vertex 10.0 25.0 5.0
  endloop
endfacet
facet normal -0.0 1.0 0.0
  outer loop
    vertex 108.0 25.0 5.0
    vertex 10.0 25.0 5.0
    vertex 73.0 25.0 5.0
  endloop
endfacet
facet normal -0.0 1.0 0.0
  outer loop
    vertex 108.0 25.0 5.0
    vertex 73.0 25.0 5.0
    vertex 78.0 25.0 5.0
  endloop
endfacet
facet normal -0.0 1.0 0.0
  outer loop
    vertex 73.0 25.0 0.0
    vertex 10.0 25.0 -5.34421710905352e-032
    vertex 5.0 25.0 0.0
  endloop
endfacet
facet normal 0.60876142900872 0.793353340291236 0.0
  outer loop
    vertex -19.2175144212722 5.78248557872779 5.0
    vertex -17.25 4.27275866404783 0.0
    vertex -19.2175144212722 5.78248557872779 0.0
  endloop
endfacet
facet normal 0.60876142900872 0.793353340291236 0.0
  outer loop
    vertex -17.25 4.27275866404783 0.0
    vertex -19.2175144212722 5.78248557872779 5.0
    vertex -17.25 4.27275866404783 5.0
  endloop
endfacet
facet normal -2.12346873685836e-017 -1.0 1.00436246996907e-015
  outer loop
    vertex 83.0 0.0 0.0
    vertex 0.0 0.0 -15.0
    vertex 83.0 0.0 -15.0
  endloop
endfacet
facet normal -2.12346873685836e-017 -1.0 1.00436246996907e-015
  outer loop
    vertex 0.0 0.0 -15.0
    vertex 83.0 0.0 0.0
    vertex -1.40998324127395e-015 3.52495810318487e-015 0.0
  endloop
endfacet
facet normal -2.12346873685836e-017 -1.0 1.00436246996907e-015
  outer loop
    vertex -1.40998324127395e-015 3.52495810318487e-015 0.0
    vertex 83.0 0.0 0.0
    vertex 83.0 0.0 5.0
  endloop
endfacet
facet normal -2.12346873685836e-017 -1.0 1.00436246996907e-015
  outer loop
    vertex -1.40998324127395e-015 3.52495810318487e-015 0.0
    vertex 83.0 0.0 5.0
    vertex -1.40998324127395e-015 3.52495810318487e-015 5.0
  endloop
endfacet
facet normal -2.12346873685836e-017 -1.0 1.00436246996907e-015
  outer loop
    vertex -1.40998324127395e-015 3.52495810318487e-015 5.0
    vertex 83.0 0.0 5.0
    vertex 71.5694018992255 3.10196313080269e-014 25.374963182164
  endloop
endfacet
facet normal -2.12346873685836e-017 -1.0 1.00436246996907e-015
  outer loop
    vertex 71.5694018992255 3.10196313080269e-014 25.374963182164
    vertex 83.0 0.0 5.0
    vertex 72.1 3.24296145493008e-014 25.5947441116742
  endloop
endfacet
facet normal -2.12346873685836e-017 -1.0 1.00436246996907e-015
  outer loop
    vertex 72.1 3.24296145493008e-014 25.5947441116742
    vertex 83.0 0.0 5.0
    vertex 72.5556349186104 3.24296145493008e-014 25.9443650813896
  endloop
endfacet
facet normal -2.12346873685836e-017 -1.0 1.00436246996907e-015
  outer loop
    vertex 72.5556349186104 3.24296145493008e-014 25.9443650813896
    vertex 83.0 0.0 5.0
    vertex 83.0 4.65294469620403e-014 35.0
  endloop
endfacet
facet normal -2.12346873685836e-017 -1.0 1.00436246996907e-015
  outer loop
    vertex -1.40998324127395e-015 3.52495810318487e-015 5.0
    vertex 71.5694018992255 3.10196313080269e-014 25.374963182164
    vertex 71.0 3.10196313080269e-014 25.3
  endloop
endfacet
facet normal -2.12346873685836e-017 -1.0 1.00436246996907e-015
  outer loop
    vertex 72.5556349186104 3.24296145493008e-014 25.9443650813896
    vertex 83.0 4.65294469620403e-014 35.0
    vertex 72.9052558883258 3.38395977905748e-014 26.4
  endloop
endfacet
facet normal -2.12346873685836e-017 -1.0 1.00436246996907e-015
  outer loop
    vertex 72.9052558883258 3.38395977905748e-014 26.4
    vertex 83.0 4.65294469620403e-014 35.0
    vertex 73.1250368178359 3.38395977905748e-014 26.9305981007744
  endloop
endfacet
facet normal -2.12346873685836e-017 -1.0 1.00436246996907e-015
  outer loop
    vertex 73.1250368178359 3.38395977905748e-014 26.9305981007744
    vertex 83.0 4.65294469620403e-014 35.0
    vertex 73.2 3.52495810318487e-014 27.5
  endloop
endfacet
facet normal -2.12346873685836e-017 -1.0 1.00436246996907e-015
  outer loop
    vertex 73.2 3.52495810318487e-014 27.5
    vertex 83.0 4.65294469620403e-014 35.0
    vertex 73.1250368178359 3.52495810318487e-014 28.0694018992255
  endloop
endfacet
facet normal -2.12346873685836e-017 -1.0 1.00436246996907e-015
  outer loop
    vertex 73.1250368178359 3.52495810318487e-014 28.0694018992255
    vertex 83.0 4.65294469620403e-014 35.0
    vertex 72.9052558883258 3.66595642731227e-014 28.6
  endloop
endfacet
facet normal -2.12346873685836e-017 -1.0 1.00436246996907e-015
  outer loop
    vertex 72.9052558883258 3.66595642731227e-014 28.6
    vertex 83.0 4.65294469620403e-014 35.0
    vertex 72.5556349186104 3.66595642731227e-014 29.0556349186104
  endloop
endfacet
facet normal -2.12346873685836e-017 -1.0 1.00436246996907e-015
  outer loop
    vertex 72.5556349186104 3.66595642731227e-014 29.0556349186104
    vertex 83.0 4.65294469620403e-014 35.0
    vertex 72.1 3.80695475143966e-014 29.4052558883257
  endloop
endfacet
facet normal -2.12346873685836e-017 -1.0 1.00436246996907e-015
  outer loop
    vertex 72.1 3.80695475143966e-014 29.4052558883257
    vertex 83.0 4.65294469620403e-014 35.0
    vertex 71.5694018992255 3.80695475143966e-014 29.6250368178359
  endloop
endfacet
facet normal -2.12346873685836e-017 -1.0 1.00436246996907e-015
  outer loop
    vertex 71.5694018992255 3.80695475143966e-014 29.6250368178359
    vertex 83.0 4.65294469620403e-014 35.0
    vertex 71.0 3.80695475143966e-014 29.7
  endloop
endfacet
facet normal -2.12346873685836e-017 -1.0 1.00436246996907e-015
  outer loop
    vertex 71.0 3.80695475143966e-014 29.7
    vertex 83.0 4.65294469620403e-014 35.0
    vertex 18.0 3.94795307556706e-014 29.7
  endloop
endfacet
facet normal -2.12346873685836e-017 -1.0 1.00436246996907e-015
  outer loop
    vertex -1.40998324127395e-015 3.52495810318487e-015 5.0
    vertex 16.9 3.38395977905748e-014 25.5947441116742
    vertex 0.0 4.65294469620403e-014 35.0
  endloop
endfacet
facet normal -2.12346873685836e-017 -1.0 1.00436246996907e-015
  outer loop
    vertex 16.9 3.38395977905748e-014 25.5947441116742
    vertex -1.40998324127395e-015 3.52495810318487e-015 5.0
    vertex 17.4305981007744 3.24296145493008e-014 25.374963182164
  endloop
endfacet
facet normal -2.12346873685836e-017 -1.0 1.00436246996907e-015
  outer loop
    vertex 17.4305981007744 3.24296145493008e-014 25.374963182164
    vertex -1.40998324127395e-015 3.52495810318487e-015 5.0
    vertex 18.0 3.24296145493008e-014 25.3
  endloop
endfacet
facet normal -2.12346873685836e-017 -1.0 1.00436246996907e-015
  outer loop
    vertex 18.0 3.24296145493008e-014 25.3
    vertex -1.40998324127395e-015 3.52495810318487e-015 5.0
    vertex 71.0 3.10196313080269e-014 25.3
  endloop
endfacet
facet normal -2.12346873685836e-017 -1.0 1.00436246996907e-015
  outer loop
    vertex 0.0 4.65294469620403e-014 35.0
    vertex 16.9 3.38395977905748e-014 25.5947441116742
    vertex 16.4443650813896 3.38395977905748e-014 25.9443650813896
  endloop
endfacet
facet normal -2.12346873685836e-017 -1.0 1.00436246996907e-015
  outer loop
    vertex 0.0 4.65294469620403e-014 35.0
    vertex 16.4443650813896 3.38395977905748e-014 25.9443650813896
    vertex 16.0947441116742 3.52495810318487e-014 26.4
  endloop
endfacet
facet normal -2.12346873685836e-017 -1.0 1.00436246996907e-015
  outer loop
    vertex 0.0 4.65294469620403e-014 35.0
    vertex 16.0947441116742 3.52495810318487e-014 26.4
    vertex 15.874963182164 3.52495810318487e-014 26.9305981007744
  endloop
endfacet
facet normal -2.12346873685836e-017 -1.0 1.00436246996907e-015
  outer loop
    vertex 0.0 4.65294469620403e-014 35.0
    vertex 15.874963182164 3.52495810318487e-014 26.9305981007744
    vertex 15.8 3.66595642731227e-014 27.5
  endloop
endfacet
facet normal -2.12346873685836e-017 -1.0 1.00436246996907e-015
  outer loop
    vertex 0.0 4.65294469620403e-014 35.0
    vertex 15.8 3.66595642731227e-014 27.5
    vertex 15.874963182164 3.66595642731227e-014 28.0694018992255
  endloop
endfacet
facet normal -2.12346873685836e-017 -1.0 1.00436246996907e-015
  outer loop
    vertex 0.0 4.65294469620403e-014 35.0
    vertex 15.874963182164 3.66595642731227e-014 28.0694018992255
    vertex 16.0947441116742 3.80695475143966e-014 28.6
  endloop
endfacet
facet normal -2.12346873685836e-017 -1.0 1.00436246996907e-015
  outer loop
    vertex 0.0 4.65294469620403e-014 35.0
    vertex 16.0947441116742 3.80695475143966e-014 28.6
    vertex 16.4443650813896 3.80695475143966e-014 29.0556349186104
  endloop
endfacet
facet normal -2.12346873685836e-017 -1.0 1.00436246996907e-015
  outer loop
    vertex 0.0 4.65294469620403e-014 35.0
    vertex 16.4443650813896 3.80695475143966e-014 29.0556349186104
    vertex 16.9 3.94795307556706e-014 29.4052558883258
  endloop
endfacet
facet normal -2.12346873685836e-017 -1.0 1.00436246996907e-015
  outer loop
    vertex 0.0 4.65294469620403e-014 35.0
    vertex 16.9 3.94795307556706e-014 29.4052558883258
    vertex 17.4305981007744 3.94795307556706e-014 29.6250368178359
  endloop
endfacet
facet normal -2.12346873685836e-017 -1.0 1.00436246996907e-015
  outer loop
    vertex 0.0 4.65294469620403e-014 35.0
    vertex 17.4305981007744 3.94795307556706e-014 29.6250368178359
    vertex 18.0 3.94795307556706e-014 29.7
  endloop
endfacet
facet normal -2.12346873685836e-017 -1.0 1.00436246996907e-015
  outer loop
    vertex 0.0 4.65294469620403e-014 35.0
    vertex 18.0 3.94795307556706e-014 29.7
    vertex 83.0 4.65294469620403e-014 35.0
  endloop
endfacet
facet normal -2.12346873685836e-017 -1.0 1.00436246996907e-015
  outer loop
    vertex 70.4305981007744 3.10196313080269e-014 25.374963182164
    vertex 18.0 3.24296145493008e-014 25.3
    vertex 71.0 3.10196313080269e-014 25.3
  endloop
endfacet
facet normal -2.12346873685836e-017 -1.0 1.00436246996907e-015
  outer loop
    vertex 18.0 3.24296145493008e-014 25.3
    vertex 70.4305981007744 3.10196313080269e-014 25.374963182164
    vertex 18.5694018992255 3.24296145493008e-014 25.374963182164
  endloop
endfacet
facet normal -2.12346873685836e-017 -1.0 1.00436246996907e-015
  outer loop
    vertex 18.5694018992255 3.24296145493008e-014 25.374963182164
    vertex 70.4305981007744 3.10196313080269e-014 25.374963182164
    vertex 69.9 3.24296145493008e-014 25.5947441116742
  endloop
endfacet
facet normal -2.12346873685836e-017 -1.0 1.00436246996907e-015
  outer loop
    vertex 18.5694018992255 3.24296145493008e-014 25.374963182164
    vertex 69.9 3.24296145493008e-014 25.5947441116742
    vertex 19.1 3.38395977905748e-014 25.5947441116742
  endloop
endfacet
facet normal -2.12346873685836e-017 -1.0 1.00436246996907e-015
  outer loop
    vertex 19.1 3.38395977905748e-014 25.5947441116742
    vertex 69.9 3.24296145493008e-014 25.5947441116742
    vertex 69.4443650813896 3.24296145493008e-014 25.9443650813896
  endloop
endfacet
facet normal -2.12346873685836e-017 -1.0 1.00436246996907e-015
  outer loop
    vertex 19.1 3.38395977905748e-014 25.5947441116742
    vertex 69.4443650813896 3.24296145493008e-014 25.9443650813896
    vertex 19.5556349186104 3.38395977905748e-014 25.9443650813896
  endloop
endfacet
facet normal -2.12346873685836e-017 -1.0 1.00436246996907e-015
  outer loop
    vertex 19.5556349186104 3.38395977905748e-014 25.9443650813896
    vertex 69.4443650813896 3.24296145493008e-014 25.9443650813896
    vertex 69.0947441116742 3.38395977905748e-014 26.4
  endloop
endfacet
facet normal -2.12346873685836e-017 -1.0 1.00436246996907e-015
  outer loop
    vertex 19.5556349186104 3.38395977905748e-014 25.9443650813896
    vertex 69.0947441116742 3.38395977905748e-014 26.4
    vertex 19.9052558883258 3.52495810318487e-014 26.4
  endloop
endfacet
facet normal -2.12346873685836e-017 -1.0 1.00436246996907e-015
  outer loop
    vertex 19.9052558883258 3.52495810318487e-014 26.4
    vertex 69.0947441116742 3.38395977905748e-014 26.4
    vertex 68.874963182164 3.38395977905748e-014 26.9305981007744
  endloop
endfacet
facet normal -2.12346873685836e-017 -1.0 1.00436246996907e-015
  outer loop
    vertex 19.9052558883258 3.52495810318487e-014 26.4
    vertex 68.874963182164 3.38395977905748e-014 26.9305981007744
    vertex 20.1250368178359 3.52495810318487e-014 26.9305981007744
  endloop
endfacet
facet normal -2.12346873685836e-017 -1.0 1.00436246996907e-015
  outer loop
    vertex 20.1250368178359 3.52495810318487e-014 26.9305981007744
    vertex 68.874963182164 3.38395977905748e-014 26.9305981007744
    vertex 68.8 3.52495810318487e-014 27.5
  endloop
endfacet
facet normal -2.12346873685836e-017 -1.0 1.00436246996907e-015
  outer loop
    vertex 20.1250368178359 3.52495810318487e-014 26.9305981007744
    vertex 68.8 3.52495810318487e-014 27.5
    vertex 20.2 3.66595642731227e-014 27.5
  endloop
endfacet
facet normal -2.12346873685836e-017 -1.0 1.00436246996907e-015
  outer loop
    vertex 20.2 3.66595642731227e-014 27.5
    vertex 68.8 3.52495810318487e-014 27.5
    vertex 68.874963182164 3.52495810318487e-014 28.0694018992255
  endloop
endfacet
facet normal -2.12346873685836e-017 -1.0 1.00436246996907e-015
  outer loop
    vertex 20.2 3.66595642731227e-014 27.5
    vertex 68.874963182164 3.52495810318487e-014 28.0694018992255
    vertex 20.1250368178359 3.66595642731227e-014 28.0694018992255
  endloop
endfacet
facet normal -2.12346873685836e-017 -1.0 1.00436246996907e-015
  outer loop
    vertex 20.1250368178359 3.66595642731227e-014 28.0694018992255
    vertex 68.874963182164 3.52495810318487e-014 28.0694018992255
    vertex 69.0947441116742 3.66595642731227e-014 28.6
  endloop
endfacet
facet normal -2.12346873685836e-017 -1.0 1.00436246996907e-015
  outer loop
    vertex 20.1250368178359 3.66595642731227e-014 28.0694018992255
    vertex 69.0947441116742 3.66595642731227e-014 28.6
    vertex 19.9052558883258 3.80695475143966e-014 28.6
  endloop
endfacet
facet normal -2.12346873685836e-017 -1.0 1.00436246996907e-015
  outer loop
    vertex 19.9052558883258 3.80695475143966e-014 28.6
    vertex 69.0947441116742 3.66595642731227e-014 28.6
    vertex 69.4443650813896 3.66595642731227e-014 29.0556349186104
  endloop
endfacet
facet normal -2.12346873685836e-017 -1.0 1.00436246996907e-015
  outer loop
    vertex 19.9052558883258 3.80695475143966e-014 28.6
    vertex 69.4443650813896 3.66595642731227e-014 29.0556349186104
    vertex 19.5556349186104 3.80695475143966e-014 29.0556349186104
  endloop
endfacet
facet normal -2.12346873685836e-017 -1.0 1.00436246996907e-015
  outer loop
    vertex 19.5556349186104 3.80695475143966e-014 29.0556349186104
    vertex 69.4443650813896 3.66595642731227e-014 29.0556349186104
    vertex 69.9 3.80695475143966e-014 29.4052558883257
  endloop
endfacet
facet normal -2.12346873685836e-017 -1.0 1.00436246996907e-015
  outer loop
    vertex 19.5556349186104 3.80695475143966e-014 29.0556349186104
    vertex 69.9 3.80695475143966e-014 29.4052558883257
    vertex 19.1 3.94795307556706e-014 29.4052558883258
  endloop
endfacet
facet normal -2.12346873685836e-017 -1.0 1.00436246996907e-015
  outer loop
    vertex 19.1 3.94795307556706e-014 29.4052558883258
    vertex 69.9 3.80695475143966e-014 29.4052558883257
    vertex 70.4305981007744 3.80695475143966e-014 29.6250368178359
  endloop
endfacet
facet normal -2.12346873685836e-017 -1.0 1.00436246996907e-015
  outer loop
    vertex 19.1 3.94795307556706e-014 29.4052558883258
    vertex 70.4305981007744 3.80695475143966e-014 29.6250368178359
    vertex 18.5694018992255 3.94795307556706e-014 29.6250368178359
  endloop
endfacet
facet normal -2.12346873685836e-017 -1.0 1.00436246996907e-015
  outer loop
    vertex 18.5694018992255 3.94795307556706e-014 29.6250368178359
    vertex 70.4305981007744 3.80695475143966e-014 29.6250368178359
    vertex 71.0 3.80695475143966e-014 29.7
  endloop
endfacet
facet normal -2.12346873685836e-017 -1.0 1.00436246996907e-015
  outer loop
    vertex 18.5694018992255 3.94795307556706e-014 29.6250368178359
    vertex 71.0 3.80695475143966e-014 29.7
    vertex 18.0 3.94795307556706e-014 29.7
  endloop
endfacet
facet normal 0.99144486137381 -0.130526192220055 0.0
  outer loop
    vertex 86.3237046502538 14.9587809284739 0.0
    vertex 86.0 12.5 5.0
    vertex 86.0 12.5 0.0
  endloop
endfacet
facet normal 0.99144486137381 -0.130526192220055 0.0
  outer loop
    vertex 86.0 12.5 5.0
    vertex 86.3237046502538 14.9587809284739 0.0
    vertex 86.3237046502538 14.9587809284739 5.0
  endloop
endfacet
facet normal -0.793353340291235 -0.608761429008721 -0.0
  outer loop
    vertex 102.217514421272 19.2175144212722 5.0
    vertex 103.727241335952 17.25 0.0
    vertex 103.727241335952 17.25 5.0
  endloop
endfacet
facet normal -0.793353340291235 -0.608761429008721 -0.0
  outer loop
    vertex 103.727241335952 17.25 0.0
    vertex 102.217514421272 19.2175144212722 5.0
    vertex 102.217514421272 19.2175144212722 0.0
  endloop
endfacet
facet normal -0.38268343236509 -0.923879532511287 -0.0
  outer loop
    vertex 100.25 20.7272413359522 5.0
    vertex 97.9587809284739 21.6762953497462 0.0
    vertex 100.25 20.7272413359522 0.0
  endloop
endfacet
facet normal -0.38268343236509 -0.923879532511287 -0.0
  outer loop
    vertex 97.9587809284739 21.6762953497462 0.0
    vertex 100.25 20.7272413359522 5.0
    vertex 97.9587809284739 21.6762953497462 5.0
  endloop
endfacet
facet normal -0.382683432365089 0.923879532511287 0.0
  outer loop
    vertex 97.9587809284739 3.32370465025385 5.0
    vertex 100.25 4.27275866404783 0.0
    vertex 97.9587809284739 3.32370465025385 0.0
  endloop
endfacet
facet normal -0.382683432365089 0.923879532511287 0.0
  outer loop
    vertex 100.25 4.27275866404783 0.0
    vertex 97.9587809284739 3.32370465025385 5.0
    vertex 100.25 4.27275866404783 5.0
  endloop
endfacet
facet normal 0.382683432365089 0.923879532511287 0.0
  outer loop
    vertex 90.75 4.27275866404783 5.0
    vertex 93.041219071526 3.32370465025385 0.0
    vertex 90.75 4.27275866404783 0.0
  endloop
endfacet
facet normal 0.382683432365089 0.923879532511287 0.0
  outer loop
    vertex 93.041219071526 3.32370465025385 0.0
    vertex 90.75 4.27275866404783 5.0
    vertex 93.041219071526 3.32370465025385 5.0
  endloop
endfacet
facet normal 0.923879532511287 -0.38268343236509 0.0
  outer loop
    vertex 87.2727586640478 17.25 0.0
    vertex 86.3237046502538 14.9587809284739 5.0
    vertex 86.3237046502538 14.9587809284739 0.0
  endloop
endfacet
facet normal 0.923879532511287 -0.38268343236509 0.0
  outer loop
    vertex 86.3237046502538 14.9587809284739 5.0
    vertex 87.2727586640478 17.25 0.0
    vertex 87.2727586640478 17.25 5.0
  endloop
endfacet
facet normal -0.793353340291235 0.608761429008721 0.0
  outer loop
    vertex 103.727241335952 7.75000000000001 5.0
    vertex 102.217514421272 5.7824855787278 0.0
    vertex 102.217514421272 5.7824855787278 5.0
  endloop
endfacet
facet normal -0.793353340291235 0.608761429008721 0.0
  outer loop
    vertex 102.217514421272 5.7824855787278 0.0
    vertex 103.727241335952 7.75000000000001 5.0
    vertex 103.727241335952 7.75000000000001 0.0
  endloop
endfacet
facet normal 0.793353340291235 -0.608761429008721 0.0
  outer loop
    vertex -19.2175144212722 19.2175144212722 0.0
    vertex -20.7272413359522 17.25 5.0
    vertex -20.7272413359522 17.25 0.0
  endloop
endfacet
facet normal 0.793353340291235 -0.608761429008721 0.0
  outer loop
    vertex -20.7272413359522 17.25 5.0
    vertex -19.2175144212722 19.2175144212722 0.0
    vertex -19.2175144212722 19.2175144212722 5.0
  endloop
endfacet
facet normal -0.130526192220051 -0.991444861373811 -0.0
  outer loop
    vertex 97.9587809284739 21.6762953497462 5.0
    vertex 95.5 22.0 0.0
    vertex 97.9587809284739 21.6762953497462 0.0
  endloop
endfacet
facet normal -0.130526192220051 -0.991444861373811 -0.0
  outer loop
    vertex 95.5 22.0 0.0
    vertex 97.9587809284739 21.6762953497462 5.0
    vertex 95.5 22.0 5.0
  endloop
endfacet
facet normal 0.608761429008722 0.793353340291234 0.0
  outer loop
    vertex 88.7824855787278 5.7824855787278 5.0
    vertex 90.75 4.27275866404783 0.0
    vertex 88.7824855787278 5.7824855787278 0.0
  endloop
endfacet
facet normal 0.608761429008722 0.793353340291234 0.0
  outer loop
    vertex 90.75 4.27275866404783 0.0
    vertex 88.7824855787278 5.7824855787278 5.0
    vertex 90.75 4.27275866404783 5.0
  endloop
endfacet
facet normal 0.60876142900872 -0.793353340291236 0.0
  outer loop
    vertex 90.75 20.7272413359522 5.0
    vertex 88.7824855787278 19.2175144212722 0.0
    vertex 90.75 20.7272413359522 0.0
  endloop
endfacet
facet normal 0.60876142900872 -0.793353340291236 0.0
  outer loop
    vertex 88.7824855787278 19.2175144212722 0.0
    vertex 90.75 20.7272413359522 5.0
    vertex 88.7824855787278 19.2175144212722 5.0
  endloop
endfacet
facet normal 0.382683432365091 -0.923879532511286 0.0
  outer loop
    vertex 93.041219071526 21.6762953497461 5.0
    vertex 90.75 20.7272413359522 0.0
    vertex 93.041219071526 21.6762953497461 0.0
  endloop
endfacet
facet normal 0.382683432365091 -0.923879532511286 0.0
  outer loop
    vertex 90.75 20.7272413359522 0.0
    vertex 93.041219071526 21.6762953497461 5.0
    vertex 90.75 20.7272413359522 5.0
  endloop
endfacet
facet normal 0.99144486137381 0.130526192220055 0.0
  outer loop
    vertex 86.0 12.5 0.0
    vertex 86.3237046502538 10.0412190715261 5.0
    vertex 86.3237046502538 10.0412190715261 0.0
  endloop
endfacet
facet normal 0.99144486137381 0.130526192220055 0.0
  outer loop
    vertex 86.3237046502538 10.0412190715261 5.0
    vertex 86.0 12.5 0.0
    vertex 86.0 12.5 5.0
  endloop
endfacet
facet normal -0.608761429008719 -0.793353340291236 -0.0
  outer loop
    vertex 102.217514421272 19.2175144212722 5.0
    vertex 100.25 20.7272413359522 0.0
    vertex 102.217514421272 19.2175144212722 0.0
  endloop
endfacet
facet normal -0.608761429008719 -0.793353340291236 -0.0
  outer loop
    vertex 100.25 20.7272413359522 0.0
    vertex 102.217514421272 19.2175144212722 5.0
    vertex 100.25 20.7272413359522 5.0
  endloop
endfacet
facet normal 0.130526192220052 0.99144486137381 0.0
  outer loop
    vertex 93.041219071526 3.32370465025385 5.0
    vertex 95.5 3.0 0.0
    vertex 93.041219071526 3.32370465025385 0.0
  endloop
endfacet
facet normal 0.130526192220052 0.99144486137381 0.0
  outer loop
    vertex 95.5 3.0 0.0
    vertex 93.041219071526 3.32370465025385 5.0
    vertex 95.5 3.0 5.0
  endloop
endfacet
facet normal -0.991444861373811 -0.130526192220051 -0.0
  outer loop
    vertex 104.676295349746 14.958780928474 5.0
    vertex 105.0 12.5 0.0
    vertex 105.0 12.5 5.0
  endloop
endfacet
facet normal -0.991444861373811 -0.130526192220051 -0.0
  outer loop
    vertex 105.0 12.5 0.0
    vertex 104.676295349746 14.958780928474 5.0
    vertex 104.676295349746 14.958780928474 0.0
  endloop
endfacet
facet normal -0.923879532511285 -0.382683432365094 -0.0
  outer loop
    vertex 103.727241335952 17.25 5.0
    vertex 104.676295349746 14.958780928474 0.0
    vertex 104.676295349746 14.958780928474 5.0
  endloop
endfacet
facet normal -0.923879532511285 -0.382683432365094 -0.0
  outer loop
    vertex 104.676295349746 14.958780928474 0.0
    vertex 103.727241335952 17.25 5.0
    vertex 103.727241335952 17.25 0.0
  endloop
endfacet
facet normal 0.793353340291237 -0.608761429008718 0.0
  outer loop
    vertex 88.7824855787278 19.2175144212722 0.0
    vertex 87.2727586640478 17.25 5.0
    vertex 87.2727586640478 17.25 0.0
  endloop
endfacet
facet normal 0.793353340291237 -0.608761429008718 0.0
  outer loop
    vertex 87.2727586640478 17.25 5.0
    vertex 88.7824855787278 19.2175144212722 0.0
    vertex 88.7824855787278 19.2175144212722 5.0
  endloop
endfacet
facet normal -0.130526192220052 0.99144486137381 0.0
  outer loop
    vertex 95.5 3.0 5.0
    vertex 97.9587809284739 3.32370465025385 0.0
    vertex 95.5 3.0 0.0
  endloop
endfacet
facet normal -0.130526192220052 0.99144486137381 0.0
  outer loop
    vertex 97.9587809284739 3.32370465025385 0.0
    vertex 95.5 3.0 5.0
    vertex 97.9587809284739 3.32370465025385 5.0
  endloop
endfacet
facet normal 0.793353340291236 0.60876142900872 0.0
  outer loop
    vertex 87.2727586640478 7.75 0.0
    vertex 88.7824855787278 5.7824855787278 5.0
    vertex 88.7824855787278 5.7824855787278 0.0
  endloop
endfacet
facet normal 0.793353340291236 0.60876142900872 0.0
  outer loop
    vertex 88.7824855787278 5.7824855787278 5.0
    vertex 87.2727586640478 7.75 0.0
    vertex 87.2727586640478 7.75 5.0
  endloop
endfacet
facet normal -0.608761429008724 0.793353340291233 0.0
  outer loop
    vertex 100.25 4.27275866404783 5.0
    vertex 102.217514421272 5.7824855787278 0.0
    vertex 100.25 4.27275866404783 0.0
  endloop
endfacet
facet normal -0.608761429008724 0.793353340291233 0.0
  outer loop
    vertex 102.217514421272 5.7824855787278 0.0
    vertex 100.25 4.27275866404783 5.0
    vertex 102.217514421272 5.7824855787278 5.0
  endloop
endfacet
facet normal -0.923879532511285 0.382683432365094 0.0
  outer loop
    vertex 104.676295349746 10.0412190715261 5.0
    vertex 103.727241335952 7.75000000000001 0.0
    vertex 103.727241335952 7.75000000000001 5.0
  endloop
endfacet
facet normal -0.923879532511285 0.382683432365094 0.0
  outer loop
    vertex 103.727241335952 7.75000000000001 0.0
    vertex 104.676295349746 10.0412190715261 5.0
    vertex 104.676295349746 10.0412190715261 0.0
  endloop
endfacet
facet normal 0.923879532511287 0.38268343236509 0.0
  outer loop
    vertex 86.3237046502538 10.0412190715261 0.0
    vertex 87.2727586640478 7.75 5.0
    vertex 87.2727586640478 7.75 0.0
  endloop
endfacet
facet normal 0.923879532511287 0.38268343236509 0.0
  outer loop
    vertex 87.2727586640478 7.75 5.0
    vertex 86.3237046502538 10.0412190715261 0.0
    vertex 86.3237046502538 10.0412190715261 5.0
  endloop
endfacet
facet normal -0.991444861373811 0.130526192220051 0.0
  outer loop
    vertex 105.0 12.5 5.0
    vertex 104.676295349746 10.0412190715261 0.0
    vertex 104.676295349746 10.0412190715261 5.0
  endloop
endfacet
facet normal -0.991444861373811 0.130526192220051 0.0
  outer loop
    vertex 104.676295349746 10.0412190715261 0.0
    vertex 105.0 12.5 5.0
    vertex 105.0 12.5 0.0
  endloop
endfacet
facet normal 0.130526192220052 -0.99144486137381 0.0
  outer loop
    vertex 95.5 22.0 5.0
    vertex 93.041219071526 21.6762953497461 0.0
    vertex 95.5 22.0 0.0
  endloop
endfacet
facet normal 0.130526192220052 -0.99144486137381 0.0
  outer loop
    vertex 93.041219071526 21.6762953497461 0.0
    vertex 95.5 22.0 5.0
    vertex 93.041219071526 21.6762953497461 5.0
  endloop
endfacet
facet normal 1.0 -0.0 -0.0
  outer loop
    vertex 83.0 5.0 4.99999999999999
    vertex 83.0 4.65294469620403e-014 35.0
    vertex 83.0 0.0 5.0
  endloop
endfacet
facet normal 1.0 -0.0 -0.0
  outer loop
    vertex 83.0 4.65294469620403e-014 35.0
    vertex 83.0 5.0 4.99999999999999
    vertex 83.0 5.00000000000005 35.0
  endloop
endfacet
facet normal 0.0 1.0 -1.55098156540134e-015
  outer loop
    vertex 0.0 5.00000000000005 35.0
    vertex 5.0 5.0 4.99999999999999
    vertex 0.0 5.0 4.99999999999999
  endloop
endfacet
facet normal 0.0 1.0 -1.55098156540134e-015
  outer loop
    vertex 5.0 5.0 4.99999999999999
    vertex 0.0 5.00000000000005 35.0
    vertex 5.0 5.00000000000001 20.0
  endloop
endfacet
facet normal 0.0 1.0 -1.55098156540134e-015
  outer loop
    vertex 5.0 5.00000000000001 20.0
    vertex 0.0 5.00000000000005 35.0
    vertex 10.0 5.00000000000001 20.0
  endloop
endfacet
facet normal 0.0 1.0 -1.55098156540134e-015
  outer loop
    vertex 10.0 5.00000000000001 20.0
    vertex 0.0 5.00000000000005 35.0
    vertex 16.9 5.00000000000003 25.5947441116742
  endloop
endfacet
facet normal 0.0 1.0 -1.55098156540134e-015
  outer loop
    vertex 10.0 5.00000000000001 20.0
    vertex 16.9 5.00000000000003 25.5947441116742
    vertex 17.4305981007744 5.00000000000003 25.374963182164
  endloop
endfacet
facet normal 0.0 1.0 -1.55098156540134e-015
  outer loop
    vertex 10.0 5.00000000000001 20.0
    vertex 17.4305981007744 5.00000000000003 25.374963182164
    vertex 18.0 5.00000000000003 25.3
  endloop
endfacet
facet normal 0.0 1.0 -1.55098156540134e-015
  outer loop
    vertex 10.0 5.00000000000001 20.0
    vertex 18.0 5.00000000000003 25.3
    vertex 73.0 5.0 20.0
  endloop
endfacet
facet normal 0.0 1.0 -1.55098156540134e-015
  outer loop
    vertex 73.0 5.0 20.0
    vertex 18.0 5.00000000000003 25.3
    vertex 78.0 5.0 20.0
  endloop
endfacet
facet normal 0.0 1.0 -1.55098156540134e-015
  outer loop
    vertex 16.9 5.00000000000003 25.5947441116742
    vertex 0.0 5.00000000000005 35.0
    vertex 16.4443650813896 5.00000000000003 25.9443650813896
  endloop
endfacet
facet normal 0.0 1.0 -1.55098156540134e-015
  outer loop
    vertex 16.4443650813896 5.00000000000003 25.9443650813896
    vertex 0.0 5.00000000000005 35.0
    vertex 16.0947441116742 5.00000000000003 26.4
  endloop
endfacet
facet normal 0.0 1.0 -1.55098156540134e-015
  outer loop
    vertex 16.0947441116742 5.00000000000003 26.4
    vertex 0.0 5.00000000000005 35.0
    vertex 15.874963182164 5.00000000000003 26.9305981007744
  endloop
endfacet
facet normal 0.0 1.0 -1.55098156540134e-015
  outer loop
    vertex 15.874963182164 5.00000000000003 26.9305981007744
    vertex 0.0 5.00000000000005 35.0
    vertex 15.8 5.00000000000003 27.5
  endloop
endfacet
facet normal 0.0 1.0 -1.55098156540134e-015
  outer loop
    vertex 15.8 5.00000000000003 27.5
    vertex 0.0 5.00000000000005 35.0
    vertex 15.874963182164 5.00000000000004 28.0694018992255
  endloop
endfacet
facet normal 0.0 1.0 -1.55098156540134e-015
  outer loop
    vertex 15.874963182164 5.00000000000004 28.0694018992255
    vertex 0.0 5.00000000000005 35.0
    vertex 16.0947441116742 5.00000000000004 28.6
  endloop
endfacet
facet normal 0.0 1.0 -1.55098156540134e-015
  outer loop
    vertex 16.0947441116742 5.00000000000004 28.6
    vertex 0.0 5.00000000000005 35.0
    vertex 16.4443650813896 5.00000000000004 29.0556349186104
  endloop
endfacet
facet normal 0.0 1.0 -1.55098156540134e-015
  outer loop
    vertex 16.4443650813896 5.00000000000004 29.0556349186104
    vertex 0.0 5.00000000000005 35.0
    vertex 16.9 5.00000000000004 29.4052558883258
  endloop
endfacet
facet normal 0.0 1.0 -1.55098156540134e-015
  outer loop
    vertex 16.9 5.00000000000004 29.4052558883258
    vertex 0.0 5.00000000000005 35.0
    vertex 17.4305981007744 5.00000000000004 29.6250368178359
  endloop
endfacet
facet normal 0.0 1.0 -1.55098156540134e-015
  outer loop
    vertex 17.4305981007744 5.00000000000004 29.6250368178359
    vertex 0.0 5.00000000000005 35.0
    vertex 18.0 5.00000000000004 29.7
  endloop
endfacet
facet normal 0.0 1.0 -1.55098156540134e-015
  outer loop
    vertex 18.0 5.00000000000004 29.7
    vertex 0.0 5.00000000000005 35.0
    vertex 71.0 5.00000000000004 29.7
  endloop
endfacet
facet normal 0.0 1.0 -1.55098156540134e-015
  outer loop
    vertex 78.0 5.0 20.0
    vertex 83.0 5.0 4.99999999999999
    vertex 78.0 5.0 4.99999999999999
  endloop
endfacet
facet normal 0.0 1.0 -1.55098156540134e-015
  outer loop
    vertex 83.0 5.0 4.99999999999999
    vertex 78.0 5.0 20.0
    vertex 83.0 5.00000000000005 35.0
  endloop
endfacet
facet normal 0.0 1.0 -1.55098156540134e-015
  outer loop
    vertex 83.0 5.00000000000005 35.0
    vertex 78.0 5.0 20.0
    vertex 72.5556349186104 5.00000000000003 25.9443650813896
  endloop
endfacet
facet normal 0.0 1.0 -1.55098156540134e-015
  outer loop
    vertex 72.5556349186104 5.00000000000003 25.9443650813896
    vertex 78.0 5.0 20.0
    vertex 72.1 5.00000000000003 25.5947441116742
  endloop
endfacet
facet normal 0.0 1.0 -1.55098156540134e-015
  outer loop
    vertex 72.1 5.00000000000003 25.5947441116742
    vertex 78.0 5.0 20.0
    vertex 71.5694018992255 5.00000000000003 25.374963182164
  endloop
endfacet
facet normal 0.0 1.0 -1.55098156540134e-015
  outer loop
    vertex 71.5694018992255 5.00000000000003 25.374963182164
    vertex 78.0 5.0 20.0
    vertex 71.0 5.00000000000003 25.3
  endloop
endfacet
facet normal 0.0 1.0 -1.55098156540134e-015
  outer loop
    vertex 71.0 5.00000000000003 25.3
    vertex 78.0 5.0 20.0
    vertex 18.0 5.00000000000003 25.3
  endloop
endfacet
facet normal 0.0 1.0 -1.55098156540134e-015
  outer loop
    vertex 83.0 5.00000000000005 35.0
    vertex 72.5556349186104 5.00000000000003 25.9443650813896
    vertex 72.9052558883258 5.00000000000003 26.4
  endloop
endfacet
facet normal 0.0 1.0 -1.55098156540134e-015
  outer loop
    vertex 83.0 5.00000000000005 35.0
    vertex 72.9052558883258 5.00000000000003 26.4
    vertex 73.1250368178359 5.00000000000003 26.9305981007744
  endloop
endfacet
facet normal 0.0 1.0 -1.55098156540134e-015
  outer loop
    vertex 83.0 5.00000000000005 35.0
    vertex 73.1250368178359 5.00000000000003 26.9305981007744
    vertex 73.2 5.00000000000003 27.5
  endloop
endfacet
facet normal 0.0 1.0 -1.55098156540134e-015
  outer loop
    vertex 83.0 5.00000000000005 35.0
    vertex 73.2 5.00000000000003 27.5
    vertex 73.1250368178359 5.00000000000004 28.0694018992255
  endloop
endfacet
facet normal 0.0 1.0 -1.55098156540134e-015
  outer loop
    vertex 83.0 5.00000000000005 35.0
    vertex 73.1250368178359 5.00000000000004 28.0694018992255
    vertex 72.9052558883258 5.00000000000004 28.6
  endloop
endfacet
facet normal 0.0 1.0 -1.55098156540134e-015
  outer loop
    vertex 83.0 5.00000000000005 35.0
    vertex 72.9052558883258 5.00000000000004 28.6
    vertex 72.5556349186104 5.00000000000004 29.0556349186104
  endloop
endfacet
facet normal 0.0 1.0 -1.55098156540134e-015
  outer loop
    vertex 83.0 5.00000000000005 35.0
    vertex 72.5556349186104 5.00000000000004 29.0556349186104
    vertex 72.1 5.00000000000004 29.4052558883258
  endloop
endfacet
facet normal 0.0 1.0 -1.55098156540134e-015
  outer loop
    vertex 83.0 5.00000000000005 35.0
    vertex 72.1 5.00000000000004 29.4052558883258
    vertex 71.5694018992255 5.00000000000004 29.6250368178359
  endloop
endfacet
facet normal 0.0 1.0 -1.55098156540134e-015
  outer loop
    vertex 83.0 5.00000000000005 35.0
    vertex 71.5694018992255 5.00000000000004 29.6250368178359
    vertex 71.0 5.00000000000004 29.7
  endloop
endfacet
facet normal 0.0 1.0 -1.55098156540134e-015
  outer loop
    vertex 83.0 5.00000000000005 35.0
    vertex 71.0 5.00000000000004 29.7
    vertex 0.0 5.00000000000005 35.0
  endloop
endfacet
facet normal 0.0 1.0 -1.55098156540134e-015
  outer loop
    vertex 18.5694018992255 5.00000000000003 25.374963182164
    vertex 71.0 5.00000000000003 25.3
    vertex 18.0 5.00000000000003 25.3
  endloop
endfacet
facet normal 0.0 1.0 -1.55098156540134e-015
  outer loop
    vertex 71.0 5.00000000000003 25.3
    vertex 18.5694018992255 5.00000000000003 25.374963182164
    vertex 70.4305981007744 5.00000000000003 25.374963182164
  endloop
endfacet
facet normal 0.0 1.0 -1.55098156540134e-015
  outer loop
    vertex 70.4305981007744 5.00000000000003 25.374963182164
    vertex 18.5694018992255 5.00000000000003 25.374963182164
    vertex 19.1 5.00000000000003 25.5947441116742
  endloop
endfacet
facet normal 0.0 1.0 -1.55098156540134e-015
  outer loop
    vertex 70.4305981007744 5.00000000000003 25.374963182164
    vertex 19.1 5.00000000000003 25.5947441116742
    vertex 69.9 5.00000000000003 25.5947441116742
  endloop
endfacet
facet normal 0.0 1.0 -1.55098156540134e-015
  outer loop
    vertex 69.9 5.00000000000003 25.5947441116742
    vertex 19.1 5.00000000000003 25.5947441116742
    vertex 19.5556349186104 5.00000000000003 25.9443650813896
  endloop
endfacet
facet normal 0.0 1.0 -1.55098156540134e-015
  outer loop
    vertex 69.9 5.00000000000003 25.5947441116742
    vertex 19.5556349186104 5.00000000000003 25.9443650813896
    vertex 69.4443650813896 5.00000000000003 25.9443650813896
  endloop
endfacet
facet normal 0.0 1.0 -1.55098156540134e-015
  outer loop
    vertex 69.4443650813896 5.00000000000003 25.9443650813896
    vertex 19.5556349186104 5.00000000000003 25.9443650813896
    vertex 19.9052558883258 5.00000000000003 26.4
  endloop
endfacet
facet normal 0.0 1.0 -1.55098156540134e-015
  outer loop
    vertex 69.4443650813896 5.00000000000003 25.9443650813896
    vertex 19.9052558883258 5.00000000000003 26.4
    vertex 69.0947441116742 5.00000000000003 26.4
  endloop
endfacet
facet normal 0.0 1.0 -1.55098156540134e-015
  outer loop
    vertex 69.0947441116742 5.00000000000003 26.4
    vertex 19.9052558883258 5.00000000000003 26.4
    vertex 20.1250368178359 5.00000000000003 26.9305981007744
  endloop
endfacet
facet normal 0.0 1.0 -1.55098156540134e-015
  outer loop
    vertex 69.0947441116742 5.00000000000003 26.4
    vertex 20.1250368178359 5.00000000000003 26.9305981007744
    vertex 68.874963182164 5.00000000000003 26.9305981007744
  endloop
endfacet
facet normal 0.0 1.0 -1.55098156540134e-015
  outer loop
    vertex 68.874963182164 5.00000000000003 26.9305981007744
    vertex 20.1250368178359 5.00000000000003 26.9305981007744
    vertex 20.2 5.00000000000003 27.5
  endloop
endfacet
facet normal 0.0 1.0 -1.55098156540134e-015
  outer loop
    vertex 68.874963182164 5.00000000000003 26.9305981007744
    vertex 20.2 5.00000000000003 27.5
    vertex 68.8 5.00000000000003 27.5
  endloop
endfacet
facet normal 0.0 1.0 -1.55098156540134e-015
  outer loop
    vertex 68.8 5.00000000000003 27.5
    vertex 20.2 5.00000000000003 27.5
    vertex 20.1250368178359 5.00000000000004 28.0694018992255
  endloop
endfacet
facet normal 0.0 1.0 -1.55098156540134e-015
  outer loop
    vertex 68.8 5.00000000000003 27.5
    vertex 20.1250368178359 5.00000000000004 28.0694018992255
    vertex 68.874963182164 5.00000000000004 28.0694018992255
  endloop
endfacet
facet normal 0.0 1.0 -1.55098156540134e-015
  outer loop
    vertex 68.874963182164 5.00000000000004 28.0694018992255
    vertex 20.1250368178359 5.00000000000004 28.0694018992255
    vertex 19.9052558883258 5.00000000000004 28.6
  endloop
endfacet
facet normal 0.0 1.0 -1.55098156540134e-015
  outer loop
    vertex 68.874963182164 5.00000000000004 28.0694018992255
    vertex 19.9052558883258 5.00000000000004 28.6
    vertex 69.0947441116742 5.00000000000004 28.6
  endloop
endfacet
facet normal 0.0 1.0 -1.55098156540134e-015
  outer loop
    vertex 69.0947441116742 5.00000000000004 28.6
    vertex 19.9052558883258 5.00000000000004 28.6
    vertex 19.5556349186104 5.00000000000004 29.0556349186104
  endloop
endfacet
facet normal 0.0 1.0 -1.55098156540134e-015
  outer loop
    vertex 69.0947441116742 5.00000000000004 28.6
    vertex 19.5556349186104 5.00000000000004 29.0556349186104
    vertex 69.4443650813896 5.00000000000004 29.0556349186104
  endloop
endfacet
facet normal 0.0 1.0 -1.55098156540134e-015
  outer loop
    vertex 69.4443650813896 5.00000000000004 29.0556349186104
    vertex 19.5556349186104 5.00000000000004 29.0556349186104
    vertex 19.1 5.00000000000004 29.4052558883258
  endloop
endfacet
facet normal 0.0 1.0 -1.55098156540134e-015
  outer loop
    vertex 69.4443650813896 5.00000000000004 29.0556349186104
    vertex 19.1 5.00000000000004 29.4052558883258
    vertex 69.9 5.00000000000004 29.4052558883258
  endloop
endfacet
facet normal 0.0 1.0 -1.55098156540134e-015
  outer loop
    vertex 69.9 5.00000000000004 29.4052558883258
    vertex 19.1 5.00000000000004 29.4052558883258
    vertex 18.5694018992255 5.00000000000004 29.6250368178359
  endloop
endfacet
facet normal 0.0 1.0 -1.55098156540134e-015
  outer loop
    vertex 69.9 5.00000000000004 29.4052558883258
    vertex 18.5694018992255 5.00000000000004 29.6250368178359
    vertex 70.4305981007744 5.00000000000004 29.6250368178359
  endloop
endfacet
facet normal 0.0 1.0 -1.55098156540134e-015
  outer loop
    vertex 70.4305981007744 5.00000000000004 29.6250368178359
    vertex 18.5694018992255 5.00000000000004 29.6250368178359
    vertex 18.0 5.00000000000004 29.7
  endloop
endfacet
facet normal 0.0 1.0 -1.55098156540134e-015
  outer loop
    vertex 70.4305981007744 5.00000000000004 29.6250368178359
    vertex 18.0 5.00000000000004 29.7
    vertex 71.0 5.00000000000004 29.7
  endloop
endfacet
facet normal 0.0 1.0 -1.55098156540134e-015
  outer loop
    vertex 10.0 5.00000000000001 20.0
    vertex 73.0 5.0 4.99999999999999
    vertex 10.0 5.0 4.99999999999999
  endloop
endfacet
facet normal 0.0 1.0 -1.55098156540134e-015
  outer loop
    vertex 73.0 5.0 4.99999999999999
    vertex 10.0 5.00000000000001 20.0
    vertex 73.0 5.0 20.0
  endloop
endfacet
facet normal 0.0 1.55098156540134e-015 1.0
  outer loop
    vertex 83.0 4.65294469620403e-014 35.0
    vertex 0.0 5.00000000000005 35.0
    vertex 0.0 4.65294469620403e-014 35.0
  endloop
endfacet
facet normal 0.0 1.55098156540134e-015 1.0
  outer loop
    vertex 0.0 5.00000000000005 35.0
    vertex 83.0 4.65294469620403e-014 35.0
    vertex 83.0 5.00000000000005 35.0
  endloop
endfacet
facet normal -1.0 1.40998324127395e-016 2.34997206878989e-017
  outer loop
    vertex 0.0 4.65294469620403e-014 35.0
    vertex 0.0 5.0 4.99999999999999
    vertex -1.40998324127395e-015 3.52495810318487e-015 5.0
  endloop
endfacet
facet normal -1.0 1.40998324127395e-016 2.34997206878989e-017
  outer loop
    vertex 0.0 5.0 4.99999999999999
    vertex 0.0 4.65294469620403e-014 35.0
    vertex 0.0 5.00000000000005 35.0
  endloop
endfacet
facet normal 0.382683432365098 1.39876196596105e-015 0.923879532511283
  outer loop
    vertex 70.4305981007744 3.10196313080269e-014 25.374963182164
    vertex 69.9 5.00000000000003 25.5947441116742
    vertex 69.9 3.24296145493008e-014 25.5947441116742
  endloop
endfacet
facet normal 0.382683432365098 1.39876196596105e-015 0.923879532511283
  outer loop
    vertex 69.9 5.00000000000003 25.5947441116742
    vertex 70.4305981007744 3.10196313080269e-014 25.374963182164
    vertex 70.4305981007744 5.00000000000003 25.374963182164
  endloop
endfacet
facet normal 0.923879532511287 5.79386176832726e-016 0.382683432365091
  outer loop
    vertex 69.0947441116742 5.00000000000003 26.4
    vertex 68.874963182164 3.38395977905748e-014 26.9305981007744
    vertex 69.0947441116742 3.38395977905748e-014 26.4
  endloop
endfacet
facet normal 0.923879532511287 5.79386176832726e-016 0.382683432365091
  outer loop
    vertex 68.874963182164 3.38395977905748e-014 26.9305981007744
    vertex 69.0947441116742 5.00000000000003 26.4
    vertex 68.874963182164 5.00000000000003 26.9305981007744
  endloop
endfacet
facet normal -0.608761429008723 -1.20114413071921e-015 -0.793353340291233
  outer loop
    vertex 72.5556349186104 5.00000000000004 29.0556349186104
    vertex 72.1 3.80695475143966e-014 29.4052558883257
    vertex 72.1 5.00000000000004 29.4052558883258
  endloop
endfacet
facet normal -0.608761429008723 -1.20114413071921e-015 -0.793353340291233
  outer loop
    vertex 72.1 3.80695475143966e-014 29.4052558883257
    vertex 72.5556349186104 5.00000000000004 29.0556349186104
    vertex 72.5556349186104 3.66595642731227e-014 29.0556349186104
  endloop
endfacet
facet normal 0.991444861373812 1.97617835241827e-016 0.130526192220038
  outer loop
    vertex 68.874963182164 5.00000000000003 26.9305981007744
    vertex 68.8 3.52495810318487e-014 27.5
    vertex 68.874963182164 3.38395977905748e-014 26.9305981007744
  endloop
endfacet
facet normal 0.991444861373812 1.97617835241827e-016 0.130526192220038
  outer loop
    vertex 68.8 3.52495810318487e-014 27.5
    vertex 68.874963182164 5.00000000000003 26.9305981007744
    vertex 68.8 5.00000000000003 27.5
  endloop
endfacet
facet normal 0.130526192220059 -1.5010564847861e-015 -0.99144486137381
  outer loop
    vertex 71.0 5.00000000000004 29.7
    vertex 70.4305981007744 3.80695475143966e-014 29.6250368178359
    vertex 70.4305981007744 5.00000000000004 29.6250368178359
  endloop
endfacet
facet normal 0.130526192220059 -1.5010564847861e-015 -0.99144486137381
  outer loop
    vertex 70.4305981007744 3.80695475143966e-014 29.6250368178359
    vertex 71.0 5.00000000000004 29.7
    vertex 71.0 3.80695475143966e-014 29.7
  endloop
endfacet
facet normal -0.793353340291228 -9.21670307953392e-016 -0.60876142900873
  outer loop
    vertex 72.5556349186104 5.00000000000004 29.0556349186104
    vertex 72.9052558883258 3.66595642731227e-014 28.6
    vertex 72.5556349186104 3.66595642731227e-014 29.0556349186104
  endloop
endfacet
facet normal -0.793353340291228 -9.21670307953392e-016 -0.60876142900873
  outer loop
    vertex 72.9052558883258 3.66595642731227e-014 28.6
    vertex 72.5556349186104 5.00000000000004 29.0556349186104
    vertex 72.9052558883258 5.00000000000004 28.6
  endloop
endfacet
facet normal -0.608761429008717 1.20114413071921e-015 0.793353340291238
  outer loop
    vertex 72.5556349186104 3.24296145493008e-014 25.9443650813896
    vertex 72.1 5.00000000000003 25.5947441116742
    vertex 72.1 3.24296145493008e-014 25.5947441116742
  endloop
endfacet
facet normal -0.608761429008717 1.20114413071921e-015 0.793353340291238
  outer loop
    vertex 72.1 5.00000000000003 25.5947441116742
    vertex 72.5556349186104 3.24296145493008e-014 25.9443650813896
    vertex 72.5556349186104 5.00000000000003 25.9443650813896
  endloop
endfacet
facet normal 0.382683432365087 -1.39876196596106e-015 -0.923879532511288
  outer loop
    vertex 70.4305981007744 5.00000000000004 29.6250368178359
    vertex 69.9 3.80695475143966e-014 29.4052558883257
    vertex 69.9 5.00000000000004 29.4052558883258
  endloop
endfacet
facet normal 0.382683432365087 -1.39876196596106e-015 -0.923879532511288
  outer loop
    vertex 69.9 3.80695475143966e-014 29.4052558883257
    vertex 70.4305981007744 5.00000000000004 29.6250368178359
    vertex 70.4305981007744 3.80695475143966e-014 29.6250368178359
  endloop
endfacet
facet normal -0.991444861373812 1.97617835241826e-016 0.130526192220038
  outer loop
    vertex 73.2 3.52495810318487e-014 27.5
    vertex 73.1250368178359 5.00000000000003 26.9305981007744
    vertex 73.1250368178359 3.38395977905748e-014 26.9305981007744
  endloop
endfacet
facet normal -0.991444861373812 1.97617835241826e-016 0.130526192220038
  outer loop
    vertex 73.1250368178359 5.00000000000003 26.9305981007744
    vertex 73.2 3.52495810318487e-014 27.5
    vertex 73.2 5.00000000000003 27.5
  endloop
endfacet
facet normal 0.608761429008723 1.20114413071921e-015 0.793353340291233
  outer loop
    vertex 69.9 3.24296145493008e-014 25.5947441116742
    vertex 69.4443650813896 5.00000000000003 25.9443650813896
    vertex 69.4443650813896 3.24296145493008e-014 25.9443650813896
  endloop
endfacet
facet normal 0.608761429008723 1.20114413071921e-015 0.793353340291233
  outer loop
    vertex 69.4443650813896 5.00000000000003 25.9443650813896
    vertex 69.9 3.24296145493008e-014 25.5947441116742
    vertex 69.9 5.00000000000003 25.5947441116742
  endloop
endfacet
facet normal -0.923879532511288 5.79386176832719e-016 0.382683432365087
  outer loop
    vertex 73.1250368178359 5.00000000000003 26.9305981007744
    vertex 72.9052558883258 3.38395977905748e-014 26.4
    vertex 73.1250368178359 3.38395977905748e-014 26.9305981007744
  endloop
endfacet
facet normal -0.923879532511288 5.79386176832719e-016 0.382683432365087
  outer loop
    vertex 72.9052558883258 3.38395977905748e-014 26.4
    vertex 73.1250368178359 5.00000000000003 26.9305981007744
    vertex 72.9052558883258 5.00000000000003 26.4
  endloop
endfacet
facet normal -0.130526192220054 1.5010564847861e-015 0.99144486137381
  outer loop
    vertex 71.5694018992255 3.10196313080269e-014 25.374963182164
    vertex 71.0 5.00000000000003 25.3
    vertex 71.0 3.10196313080269e-014 25.3
  endloop
endfacet
facet normal -0.130526192220054 1.5010564847861e-015 0.99144486137381
  outer loop
    vertex 71.0 5.00000000000003 25.3
    vertex 71.5694018992255 3.10196313080269e-014 25.374963182164
    vertex 71.5694018992255 5.00000000000003 25.374963182164
  endloop
endfacet
facet normal 0.793353340291228 9.21670307953392e-016 0.60876142900873
  outer loop
    vertex 69.4443650813896 5.00000000000003 25.9443650813896
    vertex 69.0947441116742 3.38395977905748e-014 26.4
    vertex 69.4443650813896 3.24296145493008e-014 25.9443650813896
  endloop
endfacet
facet normal 0.793353340291228 9.21670307953392e-016 0.60876142900873
  outer loop
    vertex 69.0947441116742 3.38395977905748e-014 26.4
    vertex 69.4443650813896 5.00000000000003 25.9443650813896
    vertex 69.0947441116742 5.00000000000003 26.4
  endloop
endfacet
facet normal 0.991444861373812 -1.97617835241826e-016 -0.130526192220038
  outer loop
    vertex 68.8 5.00000000000003 27.5
    vertex 68.874963182164 3.52495810318487e-014 28.0694018992255
    vertex 68.8 3.52495810318487e-014 27.5
  endloop
endfacet
facet normal 0.991444861373812 -1.97617835241826e-016 -0.130526192220038
  outer loop
    vertex 68.874963182164 3.52495810318487e-014 28.0694018992255
    vertex 68.8 5.00000000000003 27.5
    vertex 68.874963182164 5.00000000000004 28.0694018992255
  endloop
endfacet
facet normal -0.382683432365091 1.39876196596106e-015 0.923879532511286
  outer loop
    vertex 72.1 3.24296145493008e-014 25.5947441116742
    vertex 71.5694018992255 5.00000000000003 25.374963182164
    vertex 71.5694018992255 3.10196313080269e-014 25.374963182164
  endloop
endfacet
facet normal -0.382683432365091 1.39876196596106e-015 0.923879532511286
  outer loop
    vertex 71.5694018992255 5.00000000000003 25.374963182164
    vertex 72.1 3.24296145493008e-014 25.5947441116742
    vertex 72.1 5.00000000000003 25.5947441116742
  endloop
endfacet
facet normal 0.923879532511287 -5.79386176832724e-016 -0.382683432365091
  outer loop
    vertex 68.874963182164 5.00000000000004 28.0694018992255
    vertex 69.0947441116742 3.66595642731227e-014 28.6
    vertex 68.874963182164 3.52495810318487e-014 28.0694018992255
  endloop
endfacet
facet normal 0.923879532511287 -5.79386176832724e-016 -0.382683432365091
  outer loop
    vertex 69.0947441116742 3.66595642731227e-014 28.6
    vertex 68.874963182164 5.00000000000004 28.0694018992255
    vertex 69.0947441116742 5.00000000000004 28.6
  endloop
endfacet
facet normal -0.130526192220059 -1.5010564847861e-015 -0.99144486137381
  outer loop
    vertex 71.5694018992255 5.00000000000004 29.6250368178359
    vertex 71.0 3.80695475143966e-014 29.7
    vertex 71.0 5.00000000000004 29.7
  endloop
endfacet
facet normal -0.130526192220059 -1.5010564847861e-015 -0.99144486137381
  outer loop
    vertex 71.0 3.80695475143966e-014 29.7
    vertex 71.5694018992255 5.00000000000004 29.6250368178359
    vertex 71.5694018992255 3.80695475143966e-014 29.6250368178359
  endloop
endfacet
facet normal -0.991444861373812 -1.97617835241827e-016 -0.130526192220038
  outer loop
    vertex 73.1250368178359 5.00000000000004 28.0694018992255
    vertex 73.2 3.52495810318487e-014 27.5
    vertex 73.1250368178359 3.52495810318487e-014 28.0694018992255
  endloop
endfacet
facet normal -0.991444861373812 -1.97617835241827e-016 -0.130526192220038
  outer loop
    vertex 73.2 3.52495810318487e-014 27.5
    vertex 73.1250368178359 5.00000000000004 28.0694018992255
    vertex 73.2 5.00000000000003 27.5
  endloop
endfacet
facet normal 0.793353340291232 -9.21670307953384e-016 -0.608761429008725
  outer loop
    vertex 69.0947441116742 5.00000000000004 28.6
    vertex 69.4443650813896 3.66595642731227e-014 29.0556349186104
    vertex 69.0947441116742 3.66595642731227e-014 28.6
  endloop
endfacet
facet normal 0.793353340291232 -9.21670307953384e-016 -0.608761429008725
  outer loop
    vertex 69.4443650813896 3.66595642731227e-014 29.0556349186104
    vertex 69.0947441116742 5.00000000000004 28.6
    vertex 69.4443650813896 5.00000000000004 29.0556349186104
  endloop
endfacet
facet normal 0.608761429008717 -1.20114413071921e-015 -0.793353340291238
  outer loop
    vertex 69.9 5.00000000000004 29.4052558883258
    vertex 69.4443650813896 3.66595642731227e-014 29.0556349186104
    vertex 69.4443650813896 5.00000000000004 29.0556349186104
  endloop
endfacet
facet normal 0.608761429008717 -1.20114413071921e-015 -0.793353340291238
  outer loop
    vertex 69.4443650813896 3.66595642731227e-014 29.0556349186104
    vertex 69.9 5.00000000000004 29.4052558883258
    vertex 69.9 3.80695475143966e-014 29.4052558883257
  endloop
endfacet
facet normal -0.793353340291228 9.21670307953391e-016 0.60876142900873
  outer loop
    vertex 72.9052558883258 3.38395977905748e-014 26.4
    vertex 72.5556349186104 5.00000000000003 25.9443650813896
    vertex 72.5556349186104 3.24296145493008e-014 25.9443650813896
  endloop
endfacet
facet normal -0.793353340291228 9.21670307953391e-016 0.60876142900873
  outer loop
    vertex 72.5556349186104 5.00000000000003 25.9443650813896
    vertex 72.9052558883258 3.38395977905748e-014 26.4
    vertex 72.9052558883258 5.00000000000003 26.4
  endloop
endfacet
facet normal -0.382683432365087 -1.39876196596106e-015 -0.923879532511288
  outer loop
    vertex 72.1 5.00000000000004 29.4052558883258
    vertex 71.5694018992255 3.80695475143966e-014 29.6250368178359
    vertex 71.5694018992255 5.00000000000004 29.6250368178359
  endloop
endfacet
facet normal -0.382683432365087 -1.39876196596106e-015 -0.923879532511288
  outer loop
    vertex 71.5694018992255 3.80695475143966e-014 29.6250368178359
    vertex 72.1 5.00000000000004 29.4052558883258
    vertex 72.1 3.80695475143966e-014 29.4052558883257
  endloop
endfacet
facet normal -0.923879532511287 -5.79386176832726e-016 -0.382683432365091
  outer loop
    vertex 72.9052558883258 3.66595642731227e-014 28.6
    vertex 73.1250368178359 5.00000000000004 28.0694018992255
    vertex 73.1250368178359 3.52495810318487e-014 28.0694018992255
  endloop
endfacet
facet normal -0.923879532511287 -5.79386176832726e-016 -0.382683432365091
  outer loop
    vertex 73.1250368178359 5.00000000000004 28.0694018992255
    vertex 72.9052558883258 3.66595642731227e-014 28.6
    vertex 72.9052558883258 5.00000000000004 28.6
  endloop
endfacet
facet normal 0.130526192220051 1.5010564847861e-015 0.991444861373811
  outer loop
    vertex 71.0 3.10196313080269e-014 25.3
    vertex 70.4305981007744 5.00000000000003 25.374963182164
    vertex 70.4305981007744 3.10196313080269e-014 25.374963182164
  endloop
endfacet
facet normal 0.130526192220051 1.5010564847861e-015 0.991444861373811
  outer loop
    vertex 70.4305981007744 5.00000000000003 25.374963182164
    vertex 71.0 3.10196313080269e-014 25.3
    vertex 71.0 5.00000000000003 25.3
  endloop
endfacet
facet normal -1.0 1.40998324127395e-016 -4.69994413757983e-017
  outer loop
    vertex -1.40998324127395e-015 3.52495810318487e-015 0.0
    vertex 0.0 4.99999999999999 -15.0
    vertex 0.0 0.0 -15.0
  endloop
endfacet
facet normal -1.0 1.40998324127395e-016 -4.69994413757983e-017
  outer loop
    vertex 0.0 4.99999999999999 -15.0
    vertex -1.40998324127395e-015 3.52495810318487e-015 0.0
    vertex 0.0 4.99999999999999 0.0
  endloop
endfacet
facet normal -0.608761429008723 -1.20114413071921e-015 -0.793353340291233
  outer loop
    vertex 19.5556349186104 5.00000000000004 29.0556349186104
    vertex 19.1 3.94795307556706e-014 29.4052558883258
    vertex 19.1 5.00000000000004 29.4052558883258
  endloop
endfacet
facet normal -0.608761429008723 -1.20114413071921e-015 -0.793353340291233
  outer loop
    vertex 19.1 3.94795307556706e-014 29.4052558883258
    vertex 19.5556349186104 5.00000000000004 29.0556349186104
    vertex 19.5556349186104 3.80695475143966e-014 29.0556349186104
  endloop
endfacet
facet normal 0.382683432365089 -1.39876196596106e-015 -0.923879532511287
  outer loop
    vertex 17.4305981007744 5.00000000000004 29.6250368178359
    vertex 16.9 3.94795307556706e-014 29.4052558883258
    vertex 16.9 5.00000000000004 29.4052558883258
  endloop
endfacet
facet normal 0.382683432365089 -1.39876196596106e-015 -0.923879532511287
  outer loop
    vertex 16.9 3.94795307556706e-014 29.4052558883258
    vertex 17.4305981007744 5.00000000000004 29.6250368178359
    vertex 17.4305981007744 3.94795307556706e-014 29.6250368178359
  endloop
endfacet
facet normal 1.0 -0.0 -0.0
  outer loop
    vertex 83.0 4.99999999999999 -15.0
    vertex 83.0 0.0 0.0
    vertex 83.0 0.0 -15.0
  endloop
endfacet
facet normal 1.0 -0.0 -0.0
  outer loop
    vertex 83.0 0.0 0.0
    vertex 83.0 4.99999999999999 -15.0
    vertex 83.0 4.99999999999999 0.0
  endloop
endfacet
facet normal -0.793353340291236 -9.21670307953378e-016 -0.60876142900872
  outer loop
    vertex 19.5556349186104 5.00000000000004 29.0556349186104
    vertex 19.9052558883258 3.80695475143966e-014 28.6
    vertex 19.5556349186104 3.80695475143966e-014 29.0556349186104
  endloop
endfacet
facet normal -0.793353340291236 -9.21670307953378e-016 -0.60876142900872
  outer loop
    vertex 19.9052558883258 3.80695475143966e-014 28.6
    vertex 19.5556349186104 5.00000000000004 29.0556349186104
    vertex 19.9052558883258 5.00000000000004 28.6
  endloop
endfacet
facet normal -0.382683432365089 -1.39876196596106e-015 -0.923879532511287
  outer loop
    vertex 19.1 5.00000000000004 29.4052558883258
    vertex 18.5694018992255 3.94795307556706e-014 29.6250368178359
    vertex 18.5694018992255 5.00000000000004 29.6250368178359
  endloop
endfacet
facet normal -0.382683432365089 -1.39876196596106e-015 -0.923879532511287
  outer loop
    vertex 18.5694018992255 3.94795307556706e-014 29.6250368178359
    vertex 19.1 5.00000000000004 29.4052558883258
    vertex 19.1 3.94795307556706e-014 29.4052558883258
  endloop
endfacet
facet normal -0.99144486137381 -1.97617835241849e-016 -0.130526192220052
  outer loop
    vertex 20.1250368178359 5.00000000000004 28.0694018992255
    vertex 20.2 3.66595642731227e-014 27.5
    vertex 20.1250368178359 3.66595642731227e-014 28.0694018992255
  endloop
endfacet
facet normal -0.99144486137381 -1.97617835241849e-016 -0.130526192220052
  outer loop
    vertex 20.2 3.66595642731227e-014 27.5
    vertex 20.1250368178359 5.00000000000004 28.0694018992255
    vertex 20.2 5.00000000000003 27.5
  endloop
endfacet
facet normal -0.99144486137381 1.97617835241848e-016 0.130526192220052
  outer loop
    vertex 20.2 3.66595642731227e-014 27.5
    vertex 20.1250368178359 5.00000000000003 26.9305981007744
    vertex 20.1250368178359 3.52495810318487e-014 26.9305981007744
  endloop
endfacet
facet normal -0.99144486137381 1.97617835241848e-016 0.130526192220052
  outer loop
    vertex 20.1250368178359 5.00000000000003 26.9305981007744
    vertex 20.2 3.66595642731227e-014 27.5
    vertex 20.2 5.00000000000003 27.5
  endloop
endfacet
facet normal -0.923879532511286 5.79386176832725e-016 0.382683432365091
  outer loop
    vertex 20.1250368178359 5.00000000000003 26.9305981007744
    vertex 19.9052558883258 3.52495810318487e-014 26.4
    vertex 20.1250368178359 3.52495810318487e-014 26.9305981007744
  endloop
endfacet
facet normal -0.923879532511286 5.79386176832725e-016 0.382683432365091
  outer loop
    vertex 19.9052558883258 3.52495810318487e-014 26.4
    vertex 20.1250368178359 5.00000000000003 26.9305981007744
    vertex 19.9052558883258 5.00000000000003 26.4
  endloop
endfacet
facet normal 0.0 0.0 -1.0
  outer loop
    vertex 5.0 4.99999999999999 -15.0
    vertex 0.0 0.0 -15.0
    vertex 0.0 4.99999999999999 -15.0
  endloop
endfacet
facet normal 0.0 0.0 -1.0
  outer loop
    vertex 0.0 0.0 -15.0
    vertex 5.0 4.99999999999999 -15.0
    vertex 83.0 0.0 -15.0
  endloop
endfacet
facet normal 0.0 0.0 -1.0
  outer loop
    vertex 83.0 0.0 -15.0
    vertex 5.0 4.99999999999999 -15.0
    vertex 10.0 4.99999999999999 -15.0
  endloop
endfacet
facet normal 0.0 0.0 -1.0
  outer loop
    vertex 83.0 0.0 -15.0
    vertex 10.0 4.99999999999999 -15.0
    vertex 73.0 5.0 -15.0
  endloop
endfacet
facet normal 0.0 0.0 -1.0
  outer loop
    vertex 83.0 0.0 -15.0
    vertex 73.0 5.0 -15.0
    vertex 78.0 5.0 -15.0
  endloop
endfacet
facet normal 0.0 0.0 -1.0
  outer loop
    vertex 83.0 0.0 -15.0
    vertex 78.0 5.0 -15.0
    vertex 83.0 4.99999999999999 -15.0
  endloop
endfacet
facet normal 0.793353340291239 -9.2167030795337e-016 -0.608761429008716
  outer loop
    vertex 16.0947441116742 5.00000000000004 28.6
    vertex 16.4443650813896 3.80695475143966e-014 29.0556349186104
    vertex 16.0947441116742 3.80695475143966e-014 28.6
  endloop
endfacet
facet normal 0.793353340291239 -9.2167030795337e-016 -0.608761429008716
  outer loop
    vertex 16.4443650813896 3.80695475143966e-014 29.0556349186104
    vertex 16.0947441116742 5.00000000000004 28.6
    vertex 16.4443650813896 5.00000000000004 29.0556349186104
  endloop
endfacet
facet normal 0.130526192220057 -1.5010564847861e-015 -0.99144486137381
  outer loop
    vertex 18.0 5.00000000000004 29.7
    vertex 17.4305981007744 3.94795307556706e-014 29.6250368178359
    vertex 17.4305981007744 5.00000000000004 29.6250368178359
  endloop
endfacet
facet normal 0.130526192220057 -1.5010564847861e-015 -0.99144486137381
  outer loop
    vertex 17.4305981007744 3.94795307556706e-014 29.6250368178359
    vertex 18.0 5.00000000000004 29.7
    vertex 18.0 3.94795307556706e-014 29.7
  endloop
endfacet
facet normal -2.8199664825479e-016 -1.0 -4.69994413757983e-017
  outer loop
    vertex 83.0 4.99999999999999 0.0
    vertex 78.0 5.0 -15.0
    vertex 83.0 4.99999999999999 -15.0
  endloop
endfacet
facet normal -2.8199664825479e-016 -1.0 -4.69994413757983e-017
  outer loop
    vertex 78.0 5.0 -15.0
    vertex 83.0 4.99999999999999 0.0
    vertex 73.0 5.0 -15.0
  endloop
endfacet
facet normal -2.8199664825479e-016 -1.0 -4.69994413757983e-017
  outer loop
    vertex 73.0 5.0 -15.0
    vertex 83.0 4.99999999999999 0.0
    vertex 73.0 5.0 0.0
  endloop
endfacet
facet normal -2.8199664825479e-016 -1.0 -4.69994413757983e-017
  outer loop
    vertex 73.0 5.0 0.0
    vertex 83.0 4.99999999999999 0.0
    vertex 78.0 5.0 0.0
  endloop
endfacet
facet normal -0.130526192220057 -1.5010564847861e-015 -0.99144486137381
  outer loop
    vertex 18.5694018992255 5.00000000000004 29.6250368178359
    vertex 18.0 3.94795307556706e-014 29.7
    vertex 18.0 5.00000000000004 29.7
  endloop
endfacet
facet normal -0.130526192220057 -1.5010564847861e-015 -0.99144486137381
  outer loop
    vertex 18.0 3.94795307556706e-014 29.7
    vertex 18.5694018992255 5.00000000000004 29.6250368178359
    vertex 18.5694018992255 3.94795307556706e-014 29.6250368178359
  endloop
endfacet
facet normal -0.923879532511285 -5.79386176832732e-016 -0.382683432365095
  outer loop
    vertex 19.9052558883258 3.80695475143966e-014 28.6
    vertex 20.1250368178359 5.00000000000004 28.0694018992255
    vertex 20.1250368178359 3.66595642731227e-014 28.0694018992255
  endloop
endfacet
facet normal -0.923879532511285 -5.79386176832732e-016 -0.382683432365095
  outer loop
    vertex 20.1250368178359 5.00000000000004 28.0694018992255
    vertex 19.9052558883258 3.80695475143966e-014 28.6
    vertex 19.9052558883258 5.00000000000004 28.6
  endloop
endfacet
facet normal 0.608761429008717 -1.20114413071921e-015 -0.793353340291238
  outer loop
    vertex 16.9 5.00000000000004 29.4052558883258
    vertex 16.4443650813896 3.80695475143966e-014 29.0556349186104
    vertex 16.4443650813896 5.00000000000004 29.0556349186104
  endloop
endfacet
facet normal 0.608761429008717 -1.20114413071921e-015 -0.793353340291238
  outer loop
    vertex 16.4443650813896 3.80695475143966e-014 29.0556349186104
    vertex 16.9 5.00000000000004 29.4052558883258
    vertex 16.9 3.94795307556706e-014 29.4052558883258
  endloop
endfacet
facet normal 0.793353340291233 9.21670307953383e-016 0.608761429008723
  outer loop
    vertex 16.4443650813896 5.00000000000003 25.9443650813896
    vertex 16.0947441116742 3.52495810318487e-014 26.4
    vertex 16.4443650813896 3.38395977905748e-014 25.9443650813896
  endloop
endfacet
facet normal 0.793353340291233 9.21670307953383e-016 0.608761429008723
  outer loop
    vertex 16.0947441116742 3.52495810318487e-014 26.4
    vertex 16.4443650813896 5.00000000000003 25.9443650813896
    vertex 16.0947441116742 5.00000000000003 26.4
  endloop
endfacet
facet normal 0.99144486137381 1.97617835241849e-016 0.130526192220052
  outer loop
    vertex 15.874963182164 5.00000000000003 26.9305981007744
    vertex 15.8 3.66595642731227e-014 27.5
    vertex 15.874963182164 3.52495810318487e-014 26.9305981007744
  endloop
endfacet
facet normal 0.99144486137381 1.97617835241849e-016 0.130526192220052
  outer loop
    vertex 15.8 3.66595642731227e-014 27.5
    vertex 15.874963182164 5.00000000000003 26.9305981007744
    vertex 15.8 5.00000000000003 27.5
  endloop
endfacet
facet normal 0.608761429008723 1.20114413071921e-015 0.793353340291233
  outer loop
    vertex 16.9 3.38395977905748e-014 25.5947441116742
    vertex 16.4443650813896 5.00000000000003 25.9443650813896
    vertex 16.4443650813896 3.38395977905748e-014 25.9443650813896
  endloop
endfacet
facet normal 0.608761429008723 1.20114413071921e-015 0.793353340291233
  outer loop
    vertex 16.4443650813896 5.00000000000003 25.9443650813896
    vertex 16.9 3.38395977905748e-014 25.5947441116742
    vertex 16.9 5.00000000000003 25.5947441116742
  endloop
endfacet
facet normal -0.793353340291236 9.21670307953377e-016 0.60876142900872
  outer loop
    vertex 19.9052558883258 3.52495810318487e-014 26.4
    vertex 19.5556349186104 5.00000000000003 25.9443650813896
    vertex 19.5556349186104 3.38395977905748e-014 25.9443650813896
  endloop
endfacet
facet normal -0.793353340291236 9.21670307953377e-016 0.60876142900872
  outer loop
    vertex 19.5556349186104 5.00000000000003 25.9443650813896
    vertex 19.9052558883258 3.52495810318487e-014 26.4
    vertex 19.9052558883258 5.00000000000003 26.4
  endloop
endfacet
facet normal -0.608761429008715 1.20114413071922e-015 0.79335334029124
  outer loop
    vertex 19.5556349186104 3.38395977905748e-014 25.9443650813896
    vertex 19.1 5.00000000000003 25.5947441116742
    vertex 19.1 3.38395977905748e-014 25.5947441116742
  endloop
endfacet
facet normal -0.608761429008715 1.20114413071922e-015 0.79335334029124
  outer loop
    vertex 19.1 5.00000000000003 25.5947441116742
    vertex 19.5556349186104 3.38395977905748e-014 25.9443650813896
    vertex 19.5556349186104 5.00000000000003 25.9443650813896
  endloop
endfacet
facet normal 0.923879532511287 5.79386176832726e-016 0.382683432365091
  outer loop
    vertex 16.0947441116742 5.00000000000003 26.4
    vertex 15.874963182164 3.52495810318487e-014 26.9305981007744
    vertex 16.0947441116742 3.52495810318487e-014 26.4
  endloop
endfacet
facet normal 0.923879532511287 5.79386176832726e-016 0.382683432365091
  outer loop
    vertex 15.874963182164 3.52495810318487e-014 26.9305981007744
    vertex 16.0947441116742 5.00000000000003 26.4
    vertex 15.874963182164 5.00000000000003 26.9305981007744
  endloop
endfacet
facet normal 0.382683432365093 1.39876196596106e-015 0.923879532511285
  outer loop
    vertex 17.4305981007744 3.24296145493008e-014 25.374963182164
    vertex 16.9 5.00000000000003 25.5947441116742
    vertex 16.9 3.38395977905748e-014 25.5947441116742
  endloop
endfacet
facet normal 0.382683432365093 1.39876196596106e-015 0.923879532511285
  outer loop
    vertex 16.9 5.00000000000003 25.5947441116742
    vertex 17.4305981007744 3.24296145493008e-014 25.374963182164
    vertex 17.4305981007744 5.00000000000003 25.374963182164
  endloop
endfacet
facet normal 0.99144486137381 -1.97617835241848e-016 -0.130526192220052
  outer loop
    vertex 15.8 5.00000000000003 27.5
    vertex 15.874963182164 3.66595642731227e-014 28.0694018992255
    vertex 15.8 3.66595642731227e-014 27.5
  endloop
endfacet
facet normal 0.99144486137381 -1.97617835241848e-016 -0.130526192220052
  outer loop
    vertex 15.874963182164 3.66595642731227e-014 28.0694018992255
    vertex 15.8 5.00000000000003 27.5
    vertex 15.874963182164 5.00000000000004 28.0694018992255
  endloop
endfacet
facet normal 0.923879532511285 -5.79386176832731e-016 -0.382683432365095
  outer loop
    vertex 15.874963182164 5.00000000000004 28.0694018992255
    vertex 16.0947441116742 3.80695475143966e-014 28.6
    vertex 15.874963182164 3.66595642731227e-014 28.0694018992255
  endloop
endfacet
facet normal 0.923879532511285 -5.79386176832731e-016 -0.382683432365095
  outer loop
    vertex 16.0947441116742 3.80695475143966e-014 28.6
    vertex 15.874963182164 5.00000000000004 28.0694018992255
    vertex 16.0947441116742 5.00000000000004 28.6
  endloop
endfacet
facet normal 0.130526192220052 1.5010564847861e-015 0.99144486137381
  outer loop
    vertex 18.0 3.24296145493008e-014 25.3
    vertex 17.4305981007744 5.00000000000003 25.374963182164
    vertex 17.4305981007744 3.24296145493008e-014 25.374963182164
  endloop
endfacet
facet normal 0.130526192220052 1.5010564847861e-015 0.99144486137381
  outer loop
    vertex 17.4305981007744 5.00000000000003 25.374963182164
    vertex 18.0 3.24296145493008e-014 25.3
    vertex 18.0 5.00000000000003 25.3
  endloop
endfacet
facet normal -0.382683432365093 1.39876196596106e-015 0.923879532511285
  outer loop
    vertex 19.1 3.38395977905748e-014 25.5947441116742
    vertex 18.5694018992255 5.00000000000003 25.374963182164
    vertex 18.5694018992255 3.24296145493008e-014 25.374963182164
  endloop
endfacet
facet normal -0.382683432365093 1.39876196596106e-015 0.923879532511285
  outer loop
    vertex 18.5694018992255 5.00000000000003 25.374963182164
    vertex 19.1 3.38395977905748e-014 25.5947441116742
    vertex 19.1 5.00000000000003 25.5947441116742
  endloop
endfacet
facet normal -0.130526192220053 1.5010564847861e-015 0.99144486137381
  outer loop
    vertex 18.5694018992255 3.24296145493008e-014 25.374963182164
    vertex 18.0 5.00000000000003 25.3
    vertex 18.0 3.24296145493008e-014 25.3
  endloop
endfacet
facet normal -0.130526192220053 1.5010564847861e-015 0.99144486137381
  outer loop
    vertex 18.0 5.00000000000003 25.3
    vertex 18.5694018992255 3.24296145493008e-014 25.374963182164
    vertex 18.5694018992255 5.00000000000003 25.374963182164
  endloop
endfacet
facet normal -0.0 -0.0 1.0
  outer loop
    vertex 108.0 -4.58244553414033e-015 0.0
    vertex 83.0 4.99999999999999 0.0
    vertex 83.0 0.0 0.0
  endloop
endfacet
facet normal -0.0 -0.0 1.0
  outer loop
    vertex 83.0 4.99999999999999 0.0
    vertex 108.0 -4.58244553414033e-015 0.0
    vertex 93.041219071526 3.32370465025385 0.0
  endloop
endfacet
facet normal -0.0 -0.0 1.0
  outer loop
    vertex 83.0 4.99999999999999 0.0
    vertex 93.041219071526 3.32370465025385 0.0
    vertex 90.75 4.27275866404783 0.0
  endloop
endfacet
facet normal -0.0 -0.0 1.0
  outer loop
    vertex 83.0 4.99999999999999 0.0
    vertex 90.75 4.27275866404783 0.0
    vertex 88.7824855787278 5.7824855787278 0.0
  endloop
endfacet
facet normal -0.0 -0.0 1.0
  outer loop
    vertex 83.0 4.99999999999999 0.0
    vertex 88.7824855787278 5.7824855787278 0.0
    vertex 87.2727586640478 7.75 0.0
  endloop
endfacet
facet normal -0.0 -0.0 1.0
  outer loop
    vertex 83.0 4.99999999999999 0.0
    vertex 87.2727586640478 7.75 0.0
    vertex 86.3237046502538 10.0412190715261 0.0
  endloop
endfacet
facet normal -0.0 -0.0 1.0
  outer loop
    vertex 83.0 4.99999999999999 0.0
    vertex 86.3237046502538 10.0412190715261 0.0
    vertex 86.0 12.5 0.0
  endloop
endfacet
facet normal -0.0 -0.0 1.0
  outer loop
    vertex 93.041219071526 3.32370465025385 0.0
    vertex 108.0 -4.58244553414033e-015 0.0
    vertex 95.5 3.0 0.0
  endloop
endfacet
facet normal -0.0 -0.0 1.0
  outer loop
    vertex 95.5 3.0 0.0
    vertex 108.0 -4.58244553414033e-015 0.0
    vertex 97.9587809284739 3.32370465025385 0.0
  endloop
endfacet
facet normal -0.0 -0.0 1.0
  outer loop
    vertex 97.9587809284739 3.32370465025385 0.0
    vertex 108.0 -4.58244553414033e-015 0.0
    vertex 100.25 4.27275866404783 0.0
  endloop
endfacet
facet normal -0.0 -0.0 1.0
  outer loop
    vertex 100.25 4.27275866404783 0.0
    vertex 108.0 -4.58244553414033e-015 0.0
    vertex 102.217514421272 5.7824855787278 0.0
  endloop
endfacet
facet normal -0.0 -0.0 1.0
  outer loop
    vertex 102.217514421272 5.7824855787278 0.0
    vertex 108.0 -4.58244553414033e-015 0.0
    vertex 103.727241335952 7.75000000000001 0.0
  endloop
endfacet
facet normal -0.0 -0.0 1.0
  outer loop
    vertex 103.727241335952 7.75000000000001 0.0
    vertex 108.0 -4.58244553414033e-015 0.0
    vertex 104.676295349746 10.0412190715261 0.0
  endloop
endfacet
facet normal -0.0 -0.0 1.0
  outer loop
    vertex 104.676295349746 10.0412190715261 0.0
    vertex 108.0 -4.58244553414033e-015 0.0
    vertex 105.0 12.5 0.0
  endloop
endfacet
facet normal -0.0 -0.0 1.0
  outer loop
    vertex 83.0 4.99999999999999 0.0
    vertex 78.0 25.0 0.0
    vertex 78.0 5.0 0.0
  endloop
endfacet
facet normal -0.0 -0.0 1.0
  outer loop
    vertex 78.0 25.0 0.0
    vertex 83.0 4.99999999999999 0.0
    vertex 86.3237046502538 14.9587809284739 0.0
  endloop
endfacet
facet normal -0.0 -0.0 1.0
  outer loop
    vertex 78.0 25.0 0.0
    vertex 86.3237046502538 14.9587809284739 0.0
    vertex 87.2727586640478 17.25 0.0
  endloop
endfacet
facet normal -0.0 -0.0 1.0
  outer loop
    vertex 78.0 25.0 0.0
    vertex 87.2727586640478 17.25 0.0
    vertex 88.7824855787278 19.2175144212722 0.0
  endloop
endfacet
facet normal -0.0 -0.0 1.0
  outer loop
    vertex 78.0 25.0 0.0
    vertex 88.7824855787278 19.2175144212722 0.0
    vertex 90.75 20.7272413359522 0.0
  endloop
endfacet
facet normal -0.0 -0.0 1.0
  outer loop
    vertex 78.0 25.0 0.0
    vertex 90.75 20.7272413359522 0.0
    vertex 93.041219071526 21.6762953497461 0.0
  endloop
endfacet
facet normal -0.0 -0.0 1.0
  outer loop
    vertex 78.0 25.0 0.0
    vertex 93.041219071526 21.6762953497461 0.0
    vertex 108.0 25.0 0.0
  endloop
endfacet
facet normal -0.0 -0.0 1.0
  outer loop
    vertex 86.3237046502538 14.9587809284739 0.0
    vertex 83.0 4.99999999999999 0.0
    vertex 86.0 12.5 0.0
  endloop
endfacet
facet normal -0.0 -0.0 1.0
  outer loop
    vertex 108.0 25.0 0.0
    vertex 93.041219071526 21.6762953497461 0.0
    vertex 95.5 22.0 0.0
  endloop
endfacet
facet normal -0.0 -0.0 1.0
  outer loop
    vertex 108.0 25.0 0.0
    vertex 95.5 22.0 0.0
    vertex 97.9587809284739 21.6762953497462 0.0
  endloop
endfacet
facet normal -0.0 -0.0 1.0
  outer loop
    vertex 108.0 25.0 0.0
    vertex 97.9587809284739 21.6762953497462 0.0
    vertex 100.25 20.7272413359522 0.0
  endloop
endfacet
facet normal -0.0 -0.0 1.0
  outer loop
    vertex 108.0 25.0 0.0
    vertex 100.25 20.7272413359522 0.0
    vertex 102.217514421272 19.2175144212722 0.0
  endloop
endfacet
facet normal -0.0 -0.0 1.0
  outer loop
    vertex 108.0 25.0 0.0
    vertex 102.217514421272 19.2175144212722 0.0
    vertex 103.727241335952 17.25 0.0
  endloop
endfacet
facet normal -0.0 -0.0 1.0
  outer loop
    vertex 108.0 25.0 0.0
    vertex 103.727241335952 17.25 0.0
    vertex 104.676295349746 14.958780928474 0.0
  endloop
endfacet
facet normal -0.0 -0.0 1.0
  outer loop
    vertex 108.0 25.0 0.0
    vertex 104.676295349746 14.958780928474 0.0
    vertex 105.0 12.5 0.0
  endloop
endfacet
facet normal -0.0 -0.0 1.0
  outer loop
    vertex 108.0 25.0 0.0
    vertex 105.0 12.5 0.0
    vertex 108.0 -4.58244553414033e-015 0.0
  endloop
endfacet
facet normal -1.0 0.0 0.0
  outer loop
    vertex 5.0 25.0 5.0
    vertex 5.0 5.0 4.99999999999999
    vertex 5.0 5.00000000000001 20.0
  endloop
endfacet
facet normal 1.0 0.0 0.0
  outer loop
    vertex 10.0 25.0 5.0
    vertex 10.0 5.00000000000001 20.0
    vertex 10.0 5.0 4.99999999999999
  endloop
endfacet
facet normal -1.03675238328967e-017 -1.0 9.39988827515966e-017
  outer loop
    vertex 73.0 5.0 0.0
    vertex 10.0 4.99999999999999 -15.0
    vertex 73.0 5.0 -15.0
  endloop
endfacet
facet normal -1.03675238328967e-017 -1.0 9.39988827515966e-017
  outer loop
    vertex 10.0 4.99999999999999 -15.0
    vertex 73.0 5.0 0.0
    vertex 10.0 5.0 -5.34421710905352e-032
  endloop
endfacet
facet normal -0.0 1.0 -6.10992737885378e-016
  outer loop
    vertex 5.0 5.00000000000001 20.0
    vertex 10.0 5.0 4.99999999999999
    vertex 5.0 5.0 4.99999999999999
  endloop
endfacet
facet normal -0.0 1.0 -6.10992737885378e-016
  outer loop
    vertex 10.0 5.0 4.99999999999999
    vertex 5.0 5.00000000000001 20.0
    vertex 10.0 5.00000000000001 20.0
  endloop
endfacet
facet normal 0.0 0.6 0.8
  outer loop
    vertex 10.0 5.00000000000001 20.0
    vertex 5.0 25.0 5.0
    vertex 5.0 5.00000000000001 20.0
  endloop
endfacet
facet normal 0.0 0.6 0.8
  outer loop
    vertex 5.0 25.0 5.0
    vertex 10.0 5.00000000000001 20.0
    vertex 10.0 25.0 5.0
  endloop
endfacet
facet normal 0.0 1.0 1.87997765503193e-016
  outer loop
    vertex 73.0 5.0 20.0
    vertex 78.0 5.0 4.99999999999999
    vertex 73.0 5.0 4.99999999999999
  endloop
endfacet
facet normal 0.0 1.0 1.87997765503193e-016
  outer loop
    vertex 78.0 5.0 4.99999999999999
    vertex 73.0 5.0 20.0
    vertex 78.0 5.0 20.0
  endloop
endfacet
facet normal -1.0 0.0 0.0
  outer loop
    vertex 73.0 25.0 5.0
    vertex 73.0 5.0 4.99999999999999
    vertex 73.0 5.0 20.0
  endloop
endfacet
facet normal 0.0 0.6 0.8
  outer loop
    vertex 78.0 5.0 20.0
    vertex 73.0 25.0 5.0
    vertex 73.0 5.0 20.0
  endloop
endfacet
facet normal 0.0 0.6 0.8
  outer loop
    vertex 73.0 25.0 5.0
    vertex 78.0 5.0 20.0
    vertex 78.0 25.0 5.0
  endloop
endfacet
facet normal 1.0 -0.0 -0.0
  outer loop
    vertex 78.0 25.0 0.0
    vertex 78.0 5.0 0.0
    vertex 78.0 5.0 -15.0
  endloop
endfacet
facet normal 0.0 0.6 -0.8
  outer loop
    vertex 78.0 25.0 0.0
    vertex 73.0 5.0 -15.0
    vertex 73.0 25.0 0.0
  endloop
endfacet
facet normal 0.0 0.6 -0.8
  outer loop
    vertex 73.0 5.0 -15.0
    vertex 78.0 25.0 0.0
    vertex 78.0 5.0 -15.0
  endloop
endfacet
facet normal -1.0 -0.0 -0.0
  outer loop
    vertex 73.0 25.0 0.0
    vertex 73.0 5.0 -15.0
    vertex 73.0 5.0 0.0
  endloop
endfacet
facet normal -1.0 -3.52495810318487e-017 1.0688434218107e-032
  outer loop
    vertex 5.0 25.0 0.0
    vertex 5.0 4.99999999999999 -15.0
    vertex 5.0 5.0 0.0
  endloop
endfacet
facet normal 1.0688434218107e-032 2.39244395827465e-049 1.0
  outer loop
    vertex 5.0 5.0 0.0
    vertex 10.0 25.0 -5.34421710905352e-032
    vertex 5.0 25.0 0.0
  endloop
endfacet
facet normal 1.0688434218107e-032 2.39244395827465e-049 1.0
  outer loop
    vertex 10.0 25.0 -5.34421710905352e-032
    vertex 5.0 5.0 0.0
    vertex 10.0 5.0 -5.34421710905352e-032
  endloop
endfacet
facet normal 4.22994972382184e-016 -1.0 1.40998324127395e-016
  outer loop
    vertex 10.0 5.0 -5.34421710905352e-032
    vertex 5.0 4.99999999999999 -15.0
    vertex 10.0 4.99999999999999 -15.0
  endloop
endfacet
facet normal 4.22994972382184e-016 -1.0 1.40998324127395e-016
  outer loop
    vertex 5.0 4.99999999999999 -15.0
    vertex 10.0 5.0 -5.34421710905352e-032
    vertex 0.0 4.99999999999999 -15.0
  endloop
endfacet
facet normal 4.22994972382184e-016 -1.0 1.40998324127395e-016
  outer loop
    vertex 0.0 4.99999999999999 -15.0
    vertex 10.0 5.0 -5.34421710905352e-032
    vertex 0.0 4.99999999999999 0.0
  endloop
endfacet
facet normal 4.22994972382184e-016 -1.0 1.40998324127395e-016
  outer loop
    vertex 0.0 4.99999999999999 0.0
    vertex 10.0 5.0 -5.34421710905352e-032
    vertex 5.0 5.0 0.0
  endloop
endfacet
facet normal -2.11497486191092e-017 0.6 -0.8
  outer loop
    vertex 10.0 25.0 -5.34421710905352e-032
    vertex 5.0 4.99999999999999 -15.0
    vertex 5.0 25.0 0.0
  endloop
endfacet
facet normal -2.11497486191092e-017 0.6 -0.8
  outer loop
    vertex 5.0 4.99999999999999 -15.0
    vertex 10.0 25.0 -5.34421710905352e-032
    vertex 10.0 4.99999999999999 -15.0
  endloop
endfacet
facet normal 1.3056158315425e-016 -9.67956564764264e-017 1.0
  outer loop
    vertex -25.0 -3.52495810318487e-015 5.0
    vertex -21.6762953497462 10.0412190715261 5.0
    vertex -25.0 25.0 5.0
  endloop
endfacet
facet normal 1.3056158315425e-016 -9.67956564764264e-017 1.0
  outer loop
    vertex -21.6762953497462 10.0412190715261 5.0
    vertex -25.0 -3.52495810318487e-015 5.0
    vertex -20.7272413359522 7.75 5.0
  endloop
endfacet
facet normal 1.3056158315425e-016 -9.67956564764264e-017 1.0
  outer loop
    vertex -20.7272413359522 7.75 5.0
    vertex -25.0 -3.52495810318487e-015 5.0
    vertex -19.2175144212722 5.78248557872779 5.0
  endloop
endfacet
facet normal 1.3056158315425e-016 -9.67956564764264e-017 1.0
  outer loop
    vertex -19.2175144212722 5.78248557872779 5.0
    vertex -25.0 -3.52495810318487e-015 5.0
    vertex -17.25 4.27275866404783 5.0
  endloop
endfacet
facet normal 1.3056158315425e-016 -9.67956564764264e-017 1.0
  outer loop
    vertex -17.25 4.27275866404783 5.0
    vertex -25.0 -3.52495810318487e-015 5.0
    vertex -14.9587809284739 3.32370465025385 5.0
  endloop
endfacet
facet normal 1.3056158315425e-016 -9.67956564764264e-017 1.0
  outer loop
    vertex -14.9587809284739 3.32370465025385 5.0
    vertex -25.0 -3.52495810318487e-015 5.0
    vertex -1.40998324127395e-015 3.52495810318487e-015 5.0
  endloop
endfacet
facet normal 1.3056158315425e-016 -9.67956564764264e-017 1.0
  outer loop
    vertex -25.0 25.0 5.0
    vertex -21.6762953497462 10.0412190715261 5.0
    vertex -22.0 12.5 5.0
  endloop
endfacet
facet normal 1.3056158315425e-016 -9.67956564764264e-017 1.0
  outer loop
    vertex -14.9587809284739 3.32370465025385 5.0
    vertex -1.40998324127395e-015 3.52495810318487e-015 5.0
    vertex -12.5 3.0 5.0
  endloop
endfacet
facet normal 1.3056158315425e-016 -9.67956564764264e-017 1.0
  outer loop
    vertex -12.5 3.0 5.0
    vertex -1.40998324127395e-015 3.52495810318487e-015 5.0
    vertex -10.0412190715261 3.32370465025385 5.0
  endloop
endfacet
facet normal 1.3056158315425e-016 -9.67956564764264e-017 1.0
  outer loop
    vertex -10.0412190715261 3.32370465025385 5.0
    vertex -1.40998324127395e-015 3.52495810318487e-015 5.0
    vertex -7.75 4.27275866404783 5.0
  endloop
endfacet
facet normal 1.3056158315425e-016 -9.67956564764264e-017 1.0
  outer loop
    vertex -7.75 4.27275866404783 5.0
    vertex -1.40998324127395e-015 3.52495810318487e-015 5.0
    vertex -5.7824855787278 5.7824855787278 5.0
  endloop
endfacet
facet normal 1.3056158315425e-016 -9.67956564764264e-017 1.0
  outer loop
    vertex -5.7824855787278 5.7824855787278 5.0
    vertex -1.40998324127395e-015 3.52495810318487e-015 5.0
    vertex -4.27275866404783 7.75 5.0
  endloop
endfacet
facet normal 1.3056158315425e-016 -9.67956564764264e-017 1.0
  outer loop
    vertex -4.27275866404783 7.75 5.0
    vertex -1.40998324127395e-015 3.52495810318487e-015 5.0
    vertex -3.32370465025385 10.041219071526 5.0
  endloop
endfacet
facet normal 1.3056158315425e-016 -9.67956564764264e-017 1.0
  outer loop
    vertex -3.32370465025385 10.041219071526 5.0
    vertex -1.40998324127395e-015 3.52495810318487e-015 5.0
    vertex -3.0 12.5 5.0
  endloop
endfacet
facet normal 1.3056158315425e-016 -9.67956564764264e-017 1.0
  outer loop
    vertex -25.0 25.0 5.0
    vertex -14.9587809284739 21.6762953497461 5.0
    vertex 5.0 25.0 5.0
  endloop
endfacet
facet normal 1.3056158315425e-016 -9.67956564764264e-017 1.0
  outer loop
    vertex -14.9587809284739 21.6762953497461 5.0
    vertex -25.0 25.0 5.0
    vertex -17.25 20.7272413359522 5.0
  endloop
endfacet
facet normal 1.3056158315425e-016 -9.67956564764264e-017 1.0
  outer loop
    vertex -17.25 20.7272413359522 5.0
    vertex -25.0 25.0 5.0
    vertex -19.2175144212722 19.2175144212722 5.0
  endloop
endfacet
facet normal 1.3056158315425e-016 -9.67956564764264e-017 1.0
  outer loop
    vertex -19.2175144212722 19.2175144212722 5.0
    vertex -25.0 25.0 5.0
    vertex -20.7272413359522 17.25 5.0
  endloop
endfacet
facet normal 1.3056158315425e-016 -9.67956564764264e-017 1.0
  outer loop
    vertex -20.7272413359522 17.25 5.0
    vertex -25.0 25.0 5.0
    vertex -21.6762953497462 14.9587809284739 5.0
  endloop
endfacet
facet normal 1.3056158315425e-016 -9.67956564764264e-017 1.0
  outer loop
    vertex -21.6762953497462 14.9587809284739 5.0
    vertex -25.0 25.0 5.0
    vertex -22.0 12.5 5.0
  endloop
endfacet
facet normal 1.3056158315425e-016 -9.67956564764264e-017 1.0
  outer loop
    vertex 5.0 25.0 5.0
    vertex -14.9587809284739 21.6762953497461 5.0
    vertex -12.5 22.0 5.0
  endloop
endfacet
facet normal 1.3056158315425e-016 -9.67956564764264e-017 1.0
  outer loop
    vertex 5.0 25.0 5.0
    vertex -12.5 22.0 5.0
    vertex -10.0412190715261 21.6762953497461 5.0
  endloop
endfacet
facet normal 1.3056158315425e-016 -9.67956564764264e-017 1.0
  outer loop
    vertex 5.0 25.0 5.0
    vertex -10.0412190715261 21.6762953497461 5.0
    vertex -7.75 20.7272413359522 5.0
  endloop
endfacet
facet normal 1.3056158315425e-016 -9.67956564764264e-017 1.0
  outer loop
    vertex 5.0 25.0 5.0
    vertex -7.75 20.7272413359522 5.0
    vertex -5.7824855787278 19.2175144212722 5.0
  endloop
endfacet
facet normal 1.3056158315425e-016 -9.67956564764264e-017 1.0
  outer loop
    vertex 5.0 25.0 5.0
    vertex -5.7824855787278 19.2175144212722 5.0
    vertex -4.27275866404783 17.25 5.0
  endloop
endfacet
facet normal 1.3056158315425e-016 -9.67956564764264e-017 1.0
  outer loop
    vertex 5.0 25.0 5.0
    vertex -4.27275866404783 17.25 5.0
    vertex -3.32370465025385 14.9587809284739 5.0
  endloop
endfacet
facet normal 1.3056158315425e-016 -9.67956564764264e-017 1.0
  outer loop
    vertex 5.0 25.0 5.0
    vertex -3.32370465025385 14.9587809284739 5.0
    vertex -3.0 12.5 5.0
  endloop
endfacet
facet normal 1.3056158315425e-016 -9.67956564764264e-017 1.0
  outer loop
    vertex 5.0 25.0 5.0
    vertex -3.0 12.5 5.0
    vertex 0.0 5.0 4.99999999999999
  endloop
endfacet
facet normal 1.3056158315425e-016 -9.67956564764264e-017 1.0
  outer loop
    vertex 0.0 5.0 4.99999999999999
    vertex -3.0 12.5 5.0
    vertex -1.40998324127395e-015 3.52495810318487e-015 5.0
  endloop
endfacet
facet normal 1.3056158315425e-016 -9.67956564764264e-017 1.0
  outer loop
    vertex 5.0 25.0 5.0
    vertex 0.0 5.0 4.99999999999999
    vertex 5.0 5.0 4.99999999999999
  endloop
endfacet
facet normal 1.3056158315425e-016 -9.67956564764264e-017 1.0
  outer loop
    vertex 5.0 25.0 5.0
    vertex 5.0 5.0 4.99999999999999
    vertex 10.0 5.0 4.99999999999999
  endloop
endfacet
facet normal 1.3056158315425e-016 -9.67956564764264e-017 1.0
  outer loop
    vertex 5.0 25.0 5.0
    vertex 10.0 5.0 4.99999999999999
    vertex 10.0 25.0 5.0
  endloop
endfacet
facet normal -4.47675603079015e-033 -3.87745391350336e-016 1.0
  outer loop
    vertex 73.0 5.0 4.99999999999999
    vertex 10.0 25.0 5.0
    vertex 10.0 5.0 4.99999999999999
  endloop
endfacet
facet normal -4.47675603079015e-033 -3.87745391350336e-016 1.0
  outer loop
    vertex 10.0 25.0 5.0
    vertex 73.0 5.0 4.99999999999999
    vertex 73.0 25.0 5.0
  endloop
endfacet
facet normal 1.0 3.52495810318487e-017 -1.0688434218107e-032
  outer loop
    vertex 10.0 25.0 -5.34421710905352e-032
    vertex 10.0 5.0 -5.34421710905352e-032
    vertex 10.0 4.99999999999999 -15.0
  endloop
endfacet
facet normal -0.0 -0.0 1.0
  outer loop
    vertex -25.0 -3.52495810318487e-015 0.0
    vertex -21.6762953497462 10.0412190715261 0.0
    vertex -25.0 25.0 0.0
  endloop
endfacet
facet normal -0.0 -0.0 1.0
  outer loop
    vertex -21.6762953497462 10.0412190715261 0.0
    vertex -25.0 -3.52495810318487e-015 0.0
    vertex -20.7272413359522 7.75 0.0
  endloop
endfacet
facet normal -0.0 -0.0 1.0
  outer loop
    vertex -20.7272413359522 7.75 0.0
    vertex -25.0 -3.52495810318487e-015 0.0
    vertex -19.2175144212722 5.78248557872779 0.0
  endloop
endfacet
facet normal -0.0 -0.0 1.0
  outer loop
    vertex -19.2175144212722 5.78248557872779 0.0
    vertex -25.0 -3.52495810318487e-015 0.0
    vertex -17.25 4.27275866404783 0.0
  endloop
endfacet
facet normal -0.0 -0.0 1.0
  outer loop
    vertex -17.25 4.27275866404783 0.0
    vertex -25.0 -3.52495810318487e-015 0.0
    vertex -14.9587809284739 3.32370465025385 0.0
  endloop
endfacet
facet normal -0.0 -0.0 1.0
  outer loop
    vertex -14.9587809284739 3.32370465025385 0.0
    vertex -25.0 -3.52495810318487e-015 0.0
    vertex -1.40998324127395e-015 3.52495810318487e-015 0.0
  endloop
endfacet
facet normal -0.0 -0.0 1.0
  outer loop
    vertex -25.0 25.0 0.0
    vertex -21.6762953497462 10.0412190715261 0.0
    vertex -22.0 12.5 0.0
  endloop
endfacet
facet normal -0.0 -0.0 1.0
  outer loop
    vertex -14.9587809284739 3.32370465025385 0.0
    vertex -1.40998324127395e-015 3.52495810318487e-015 0.0
    vertex -12.5 3.0 0.0
  endloop
endfacet
facet normal -0.0 -0.0 1.0
  outer loop
    vertex -12.5 3.0 0.0
    vertex -1.40998324127395e-015 3.52495810318487e-015 0.0
    vertex -10.0412190715261 3.32370465025385 0.0
  endloop
endfacet
facet normal -0.0 -0.0 1.0
  outer loop
    vertex -10.0412190715261 3.32370465025385 0.0
    vertex -1.40998324127395e-015 3.52495810318487e-015 0.0
    vertex -7.75 4.27275866404783 0.0
  endloop
endfacet
facet normal -0.0 -0.0 1.0
  outer loop
    vertex -7.75 4.27275866404783 0.0
    vertex -1.40998324127395e-015 3.52495810318487e-015 0.0
    vertex -5.7824855787278 5.7824855787278 0.0
  endloop
endfacet
facet normal -0.0 -0.0 1.0
  outer loop
    vertex -5.7824855787278 5.7824855787278 0.0
    vertex -1.40998324127395e-015 3.52495810318487e-015 0.0
    vertex -4.27275866404783 7.75 0.0
  endloop
endfacet
facet normal -0.0 -0.0 1.0
  outer loop
    vertex -4.27275866404783 7.75 0.0
    vertex -1.40998324127395e-015 3.52495810318487e-015 0.0
    vertex -3.32370465025385 10.041219071526 0.0
  endloop
endfacet
facet normal -0.0 -0.0 1.0
  outer loop
    vertex -3.32370465025385 10.041219071526 0.0
    vertex -1.40998324127395e-015 3.52495810318487e-015 0.0
    vertex -3.0 12.5 0.0
  endloop
endfacet
facet normal -0.0 -0.0 1.0
  outer loop
    vertex -25.0 25.0 0.0
    vertex -14.9587809284739 21.6762953497461 0.0
    vertex 5.0 25.0 0.0
  endloop
endfacet
facet normal -0.0 -0.0 1.0
  outer loop
    vertex -14.9587809284739 21.6762953497461 0.0
    vertex -25.0 25.0 0.0
    vertex -17.25 20.7272413359522 0.0
  endloop
endfacet
facet normal -0.0 -0.0 1.0
  outer loop
    vertex -17.25 20.7272413359522 0.0
    vertex -25.0 25.0 0.0
    vertex -19.2175144212722 19.2175144212722 0.0
  endloop
endfacet
facet normal -0.0 -0.0 1.0
  outer loop
    vertex -19.2175144212722 19.2175144212722 0.0
    vertex -25.0 25.0 0.0
    vertex -20.7272413359522 17.25 0.0
  endloop
endfacet
facet normal -0.0 -0.0 1.0
  outer loop
    vertex -20.7272413359522 17.25 0.0
    vertex -25.0 25.0 0.0
    vertex -21.6762953497462 14.9587809284739 0.0
  endloop
endfacet
facet normal -0.0 -0.0 1.0
  outer loop
    vertex -21.6762953497462 14.9587809284739 0.0
    vertex -25.0 25.0 0.0
    vertex -22.0 12.5 0.0
  endloop
endfacet
facet normal -0.0 -0.0 1.0
  outer loop
    vertex 5.0 25.0 0.0
    vertex -14.9587809284739 21.6762953497461 0.0
    vertex -12.5 22.0 0.0
  endloop
endfacet
facet normal -0.0 -0.0 1.0
  outer loop
    vertex 5.0 25.0 0.0
    vertex -12.5 22.0 0.0
    vertex -10.0412190715261 21.6762953497461 0.0
  endloop
endfacet
facet normal -0.0 -0.0 1.0
  outer loop
    vertex 5.0 25.0 0.0
    vertex -10.0412190715261 21.6762953497461 0.0
    vertex -7.75 20.7272413359522 0.0
  endloop
endfacet
facet normal -0.0 -0.0 1.0
  outer loop
    vertex 5.0 25.0 0.0
    vertex -7.75 20.7272413359522 0.0
    vertex -5.7824855787278 19.2175144212722 0.0
  endloop
endfacet
facet normal -0.0 -0.0 1.0
  outer loop
    vertex 5.0 25.0 0.0
    vertex -5.7824855787278 19.2175144212722 0.0
    vertex -4.27275866404783 17.25 0.0
  endloop
endfacet
facet normal -0.0 -0.0 1.0
  outer loop
    vertex 5.0 25.0 0.0
    vertex -4.27275866404783 17.25 0.0
    vertex -3.32370465025385 14.9587809284739 0.0
  endloop
endfacet
facet normal -0.0 -0.0 1.0
  outer loop
    vertex 5.0 25.0 0.0
    vertex -3.32370465025385 14.9587809284739 0.0
    vertex -3.0 12.5 0.0
  endloop
endfacet
facet normal -0.0 -0.0 1.0
  outer loop
    vertex 5.0 25.0 0.0
    vertex -3.0 12.5 0.0
    vertex 0.0 4.99999999999999 0.0
  endloop
endfacet
facet normal -0.0 -0.0 1.0
  outer loop
    vertex 0.0 4.99999999999999 0.0
    vertex -3.0 12.5 0.0
    vertex -1.40998324127395e-015 3.52495810318487e-015 0.0
  endloop
endfacet
facet normal -0.0 -0.0 1.0
  outer loop
    vertex 5.0 25.0 0.0
    vertex 0.0 4.99999999999999 0.0
    vertex 5.0 5.0 0.0
  endloop
endfacet
facet normal -0.0 -0.0 1.0
  outer loop
    vertex 78.0 5.0 0.0
    vertex 73.0 25.0 0.0
    vertex 73.0 5.0 0.0
  endloop
endfacet
facet normal -0.0 -0.0 1.0
  outer loop
    vertex 73.0 25.0 0.0
    vertex 78.0 5.0 0.0
    vertex 78.0 25.0 0.0
  endloop
endfacet
facet normal 1.0 -0.0 -0.0
  outer loop
    vertex 78.0 25.0 5.0
    vertex 78.0 5.0 20.0
    vertex 78.0 5.0 4.99999999999999
  endloop
endfacet
endsolid sensorSupport_001
